#Episode	Reward
0	-10.61	0.0	-9.0
1	-4.52	6.0	-9.0
2	-10.19	0.0	-10.0
3	-10.19	0.0	-10.0
4	-10.36	0.0	-10.0
5	-10.19	0.0	-10.0
6	-0.5199999999999996	9.0	-8.0
7	-10.27	0.0	-10.0
8	-10.17	0.0	-10.0
9	-10.34	0.0	-10.0
10	-10.24	0.0	-10.0
11	-10.31	0.0	-10.0
12	-10.15	0.0	-10.0
13	-10.16	0.0	-10.0
14	-4.05	7.0	-10.0
15	-10.15	0.0	-10.0
16	-10.15	0.0	-10.0
17	-10.22	0.0	-10.0
18	-10.21	0.0	-10.0
19	-10.22	0.0	-10.0
20	-10.19	0.0	-10.0
21	-10.37	0.0	-10.0
22	-10.18	0.0	-10.0
23	-10.24	0.0	-10.0
24	-10.2	0.0	-10.0
25	-10.26	0.0	-10.0
26	-4.34	7.0	-10.0
27	-10.18	0.0	-10.0
28	-10.19	0.0	-10.0
29	-10.19	0.0	-10.0
30	-10.23	0.0	-10.0
31	-10.26	0.0	-10.0
32	-3.01	8.0	-10.0
33	-10.16	0.0	-10.0
34	-10.21	0.0	-10.0
35	-10.17	0.0	-10.0
36	-10.24	0.0	-10.0
37	-10.16	0.0	-10.0
38	-10.19	0.0	-10.0
39	-10.19	0.0	-10.0
40	-10.25	0.0	-10.0
41	-10.19	0.0	-10.0
42	-10.21	0.0	-10.0
43	-10.19	1.0	-10.0
44	-10.18	0.0	-10.0
45	-5.08	5.0	-9.0
46	-10.21	0.0	-10.0
47	-10.31	0.0	-10.0
48	-10.22	0.0	-10.0
49	-10.19	0.0	-10.0
50	-10.19	0.0	-10.0
51	-10.18	0.0	-10.0
52	-10.18	0.0	-10.0
53	-10.21	0.0	-10.0
54	-10.18	0.0	-10.0
55	108.74	9.0	1.0
56	108.77	10.0	0.0
57	-3.99	6.0	-9.0
58	109.78	10.0	1.0
59	-10.18	0.0	-10.0
60	-10.07	0.0	-9.0
61	-10.19	0.0	-10.0
62	-10.23	0.0	-10.0
63	-10.120000000000001	0.0	-9.0
64	-4.0	6.0	-9.0
65	104.81	4.0	2.0
66	-9.98	1.0	-10.0
67	-10.17	0.0	-10.0
68	-10.2	0.0	-10.0
69	-10.21	0.0	-10.0
70	-10.15	0.0	-10.0
71	-10.21	0.0	-10.0
72	-10.24	0.0	-10.0
73	-10.27	0.0	-10.0
74	-10.18	0.0	-10.0
75	-10.37	0.0	-10.0
76	-10.19	0.0	-10.0
77	-4.1000000000000005	7.0	-10.0
78	108.75999999999999	9.0	1.0
79	-10.18	0.0	-10.0
80	-10.18	0.0	-10.0
81	-10.19	0.0	-10.0
82	-10.24	0.0	-10.0
83	-10.17	0.0	-10.0
84	-10.25	0.0	-10.0
85	-10.21	0.0	-10.0
86	108.77	10.0	0.0
87	108.78	9.0	1.0
88	99.81	1.0	0.0
89	109.71000000000001	10.0	1.0
90	-10.16	0.0	-10.0
91	-10.25	0.0	-10.0
92	-10.18	0.0	-10.0
93	-10.17	0.0	-10.0
94	-3.2799999999999994	8.0	-10.0
95	-10.26	0.0	-10.0
96	-10.21	0.0	-10.0
97	110.72	10.0	2.0
98	-10.18	0.0	-10.0
99	-10.21	0.0	-10.0
100	-10.18	0.0	-10.0
101	-10.27	0.0	-10.0
102	-10.16	0.0	-10.0
103	-10.17	0.0	-10.0
104	-10.2	0.0	-10.0
105	-10.23	0.0	-10.0
106	-10.2	0.0	-10.0
107	-10.18	0.0	-10.0
108	-10.17	0.0	-10.0
109	-3.2299999999999995	8.0	-10.0
110	-10.16	0.0	-10.0
111	-10.28	0.0	-10.0
112	-10.26	0.0	-10.0
113	-10.2	0.0	-10.0
114	-10.17	0.0	-10.0
115	-10.2	0.0	-10.0
116	-10.39	0.0	-10.0
117	-10.19	0.0	-10.0
118	-3.99	7.0	-10.0
119	-10.16	0.0	-10.0
120	-10.18	0.0	-10.0
121	-10.16	0.0	-10.0
122	-10.27	0.0	-10.0
123	-10.22	0.0	-10.0
124	-10.19	0.0	-10.0
125	-10.19	0.0	-10.0
126	-10.18	0.0	-10.0
127	-10.19	0.0	-10.0
128	-10.21	0.0	-10.0
129	-10.16	0.0	-10.0
130	-10.15	0.0	-10.0
131	-10.23	0.0	-10.0
132	-10.2	0.0	-10.0
133	-10.16	0.0	-10.0
134	-10.26	0.0	-10.0
135	-10.22	0.0	-10.0
136	-2.0999999999999996	8.0	-9.0
137	-6.21	5.0	-10.0
138	-10.21	0.0	-10.0
139	-10.4	1.0	-10.0
140	-10.18	0.0	-10.0
141	-10.26	0.0	-10.0
142	108.89	9.0	1.0
143	-9.54	1.0	-10.0
144	-10.19	0.0	-10.0
145	-10.23	0.0	-10.0
146	-10.19	0.0	-10.0
147	-10.24	0.0	-10.0
148	-10.19	0.0	-10.0
149	-10.19	0.0	-10.0
150	-10.2	0.0	-10.0
151	-10.16	0.0	-10.0
152	-2.13	8.0	-9.0
153	-10.23	0.0	-10.0
154	-10.18	0.0	-10.0
155	-10.21	0.0	-10.0
156	-10.2	0.0	-10.0
157	-10.16	0.0	-10.0
158	-10.2	0.0	-10.0
159	-10.16	0.0	-10.0
160	-10.2	0.0	-10.0
161	-10.26	0.0	-10.0
162	-10.16	0.0	-10.0
163	-10.16	0.0	-10.0
164	-10.16	0.0	-10.0
165	-1.209999999999999	9.0	-9.0
166	-10.16	0.0	-10.0
167	-3.05	8.0	-10.0
168	-10.24	0.0	-10.0
169	108.84	9.0	1.0
170	-10.16	0.0	-10.0
171	-10.19	0.0	-10.0
172	-8.07	2.0	-9.0
173	-10.22	0.0	-10.0
174	-10.19	0.0	-10.0
175	-10.23	0.0	-10.0
176	-10.2	0.0	-10.0
177	-2.05	8.0	-9.0
178	-10.16	0.0	-10.0
179	-10.16	0.0	-10.0
180	-10.18	0.0	-10.0
181	-10.23	0.0	-10.0
182	-10.19	0.0	-10.0
183	-10.16	0.0	-10.0
184	-10.16	0.0	-10.0
185	110.67	12.0	0.0
186	-10.16	0.0	-10.0
187	-10.16	0.0	-10.0
188	-10.16	0.0	-10.0
189	110.65	11.0	1.0
190	-10.16	0.0	-10.0
191	-10.16	0.0	-10.0
192	-10.16	0.0	-10.0
193	-10.24	0.0	-10.0
194	-10.16	0.0	-10.0
195	-10.16	0.0	-10.0
196	-10.19	0.0	-10.0
197	-11.15	0.0	-10.0
198	-10.28	0.0	-10.0
199	-10.16	0.0	-10.0
200	-10.16	0.0	-10.0
201	109.61	9.0	2.0
202	-10.16	0.0	-10.0
203	-10.16	0.0	-10.0
204	-10.2	0.0	-10.0
205	-10.23	0.0	-10.0
206	-10.16	0.0	-10.0
207	-10.16	0.0	-10.0
208	-10.23	0.0	-10.0
209	-2.1399999999999997	9.0	-10.0
210	-10.16	0.0	-10.0
211	-10.24	0.0	-10.0
212	-10.29	0.0	-10.0
213	-10.2	0.0	-10.0
214	-10.16	0.0	-10.0
215	-10.16	0.0	-10.0
216	-10.16	0.0	-10.0
217	-10.16	0.0	-10.0
218	112.74	11.0	3.0
219	-10.16	0.0	-10.0
220	-10.18	0.0	-10.0
221	-10.2	0.0	-10.0
222	109.82	10.0	1.0
223	-10.16	0.0	-10.0
224	109.79	9.0	2.0
225	-10.18	0.0	-10.0
226	-10.2	0.0	-10.0
227	-10.24	0.0	-10.0
228	-10.19	0.0	-10.0
229	-10.16	0.0	-10.0
230	-10.21	0.0	-10.0
231	-10.22	0.0	-10.0
232	-10.23	0.0	-10.0
233	-10.2	0.0	-10.0
234	-10.21	0.0	-10.0
235	-10.16	0.0	-10.0
236	-10.16	0.0	-10.0
237	-10.16	0.0	-10.0
238	-10.16	0.0	-10.0
239	-10.16	0.0	-10.0
240	-10.19	0.0	-10.0
241	-10.16	0.0	-10.0
242	-10.16	0.0	-10.0
243	110.69	10.0	2.0
244	-10.16	0.0	-10.0
245	-10.16	0.0	-10.0
246	-10.16	0.0	-10.0
247	-5.120000000000001	5.0	-9.0
248	-10.19	0.0	-10.0
249	-10.24	0.0	-10.0
250	-10.16	0.0	-10.0
251	-10.16	0.0	-10.0
252	-10.16	0.0	-10.0
253	-10.25	0.0	-10.0
254	-10.22	0.0	-10.0
255	-10.16	0.0	-10.0
256	-10.16	0.0	-10.0
257	-10.18	0.0	-10.0
258	-10.25	0.0	-10.0
259	-10.2	0.0	-10.0
260	-10.2	0.0	-10.0
261	-10.3	0.0	-10.0
262	-10.16	0.0	-10.0
263	-10.16	0.0	-10.0
264	111.76	10.0	3.0
265	-10.16	0.0	-10.0
266	-10.24	0.0	-10.0
267	-10.26	0.0	-10.0
268	-10.16	0.0	-10.0
269	-10.15	0.0	-10.0
270	-10.21	0.0	-10.0
271	-10.16	0.0	-10.0
272	-10.16	0.0	-10.0
273	-10.16	0.0	-10.0
274	-0.22000000000000242	10.0	-9.0
275	-10.16	0.0	-10.0
276	-10.16	0.0	-10.0
277	-10.16	0.0	-10.0
278	-10.22	0.0	-10.0
279	-10.16	0.0	-10.0
280	-10.16	0.0	-10.0
281	-10.16	0.0	-10.0
282	-10.22	0.0	-10.0
283	-10.16	0.0	-10.0
284	-10.16	0.0	-10.0
285	-10.16	0.0	-10.0
286	-10.26	0.0	-10.0
287	-10.16	0.0	-10.0
288	-10.16	0.0	-10.0
289	-10.19	0.0	-10.0
290	-10.16	0.0	-10.0
291	-10.16	0.0	-10.0
292	109.76	10.0	1.0
293	-10.16	0.0	-10.0
294	-10.16	0.0	-10.0
295	-10.16	0.0	-10.0
296	-10.22	0.0	-10.0
297	-10.16	0.0	-10.0
298	-10.16	0.0	-10.0
299	-10.16	0.0	-10.0
300	-10.19	0.0	-10.0
301	-10.16	0.0	-10.0
302	-10.27	0.0	-10.0
303	109.71000000000001	11.0	0.0
304	-10.16	0.0	-10.0
305	-10.16	0.0	-10.0
306	-10.16	0.0	-10.0
307	-10.16	0.0	-10.0
308	-10.22	0.0	-10.0
309	107.8	9.0	0.0
310	-10.16	0.0	-10.0
311	-10.16	0.0	-10.0
312	-10.16	0.0	-10.0
313	-9.15	1.0	-9.0
314	-11.11	0.0	-10.0
315	-10.16	0.0	-10.0
316	-10.19	0.0	-10.0
317	-11.04	0.0	-10.0
318	-10.16	0.0	-10.0
319	-10.16	0.0	-10.0
320	-10.16	0.0	-10.0
321	108.69	9.0	1.0
322	-10.16	0.0	-10.0
323	-10.16	0.0	-10.0
324	-10.16	0.0	-10.0
325	-10.16	0.0	-10.0
326	-10.16	0.0	-10.0
327	-10.16	0.0	-10.0
328	-11.07	0.0	-10.0
329	-10.99	0.0	-10.0
330	-10.16	0.0	-10.0
331	-11.05	0.0	-10.0
332	-10.23	0.0	-10.0
333	-10.28	0.0	-9.0
334	-10.22	0.0	-10.0
335	-11.04	0.0	-10.0
336	-10.17	0.0	-10.0
337	-10.16	0.0	-10.0
338	-10.16	0.0	-10.0
339	-11.06	0.0	-10.0
340	-10.16	0.0	-10.0
341	-10.16	0.0	-10.0
342	-10.16	0.0	-10.0
343	-10.19	0.0	-10.0
344	-10.16	0.0	-10.0
345	-10.19	0.0	-10.0
346	-10.29	0.0	-10.0
347	-10.16	0.0	-10.0
348	109.77	10.0	1.0
349	-10.16	0.0	-10.0
350	-10.16	0.0	-10.0
351	-10.16	0.0	-10.0
352	-10.16	0.0	-10.0
353	109.81	10.0	1.0
354	-10.16	0.0	-10.0
355	-10.16	0.0	-10.0
356	-10.16	0.0	-10.0
357	-10.16	0.0	-10.0
358	-10.22	0.0	-10.0
359	-10.16	0.0	-10.0
360	-10.16	0.0	-10.0
361	110.75	11.0	1.0
362	-10.16	0.0	-10.0
363	-10.16	0.0	-10.0
364	-10.16	0.0	-10.0
365	-10.19	0.0	-10.0
366	-10.16	0.0	-10.0
367	-10.16	0.0	-10.0
368	-10.22	0.0	-10.0
369	-10.16	0.0	-10.0
370	-10.16	0.0	-10.0
371	-10.16	0.0	-10.0
372	-10.24	0.0	-10.0
373	-10.16	0.0	-10.0
374	-10.16	0.0	-10.0
375	-10.16	0.0	-10.0
376	-10.16	0.0	-10.0
377	-10.22	0.0	-10.0
378	-10.16	0.0	-10.0
379	-10.16	0.0	-10.0
380	-10.29	0.0	-10.0
381	-10.16	0.0	-10.0
382	-10.16	0.0	-10.0
383	-10.16	0.0	-10.0
384	-10.26	0.0	-10.0
385	-10.16	0.0	-10.0
386	-10.16	0.0	-10.0
387	-10.16	0.0	-10.0
388	-10.22	0.0	-10.0
389	-10.16	0.0	-10.0
390	-10.2	0.0	-10.0
391	-10.2	0.0	-10.0
392	-10.16	0.0	-10.0
393	-10.16	0.0	-10.0
394	-10.16	0.0	-10.0
395	-10.24	0.0	-10.0
396	-10.16	0.0	-10.0
397	-10.16	0.0	-10.0
398	-10.16	0.0	-10.0
399	-10.16	0.0	-10.0
400	-10.22	0.0	-10.0
401	-10.16	0.0	-10.0
402	-10.16	0.0	-10.0
403	-10.16	0.0	-10.0
404	-10.16	0.0	-10.0
405	-10.19	0.0	-10.0
406	-10.16	0.0	-10.0
407	110.6	11.0	1.0
408	-10.16	0.0	-10.0
409	-10.16	0.0	-10.0
410	-10.16	0.0	-10.0
411	109.62	10.0	1.0
412	-10.16	0.0	-10.0
413	-10.16	0.0	-10.0
414	-10.16	0.0	-10.0
415	-10.16	0.0	-10.0
416	109.69	11.0	0.0
417	-10.16	0.0	-10.0
418	-10.16	0.0	-10.0
419	-10.16	0.0	-10.0
420	-10.16	0.0	-10.0
421	101.68	2.0	1.0
422	-10.16	0.0	-10.0
423	-10.16	0.0	-10.0
424	108.7	9.0	1.0
425	-10.16	0.0	-10.0
426	-10.16	0.0	-10.0
427	-10.120000000000001	1.0	-10.0
428	-10.14	0.0	-9.0
429	-10.16	0.0	-10.0
430	-10.16	0.0	-10.0
431	-10.16	0.0	-10.0
432	-10.13	1.0	-10.0
433	102.76	2.0	2.0
434	-10.16	0.0	-10.0
435	-10.16	0.0	-10.0
436	-10.16	0.0	-10.0
437	-10.16	0.0	-10.0
438	-6.18	3.0	-8.0
439	-10.16	0.0	-10.0
440	-10.16	0.0	-10.0
441	-10.16	0.0	-10.0
442	-10.26	0.0	-10.0
443	-10.2	0.0	-10.0
444	-10.34	0.0	-10.0
445	-10.16	0.0	-10.0
446	-10.16	0.0	-10.0
447	-10.16	0.0	-10.0
448	-10.21	0.0	-10.0
449	-10.19	0.0	-10.0
450	-10.19	0.0	-10.0
451	-10.22	0.0	-10.0
452	-10.19	0.0	-10.0
453	-10.19	0.0	-10.0
454	-10.23	0.0	-10.0
455	-10.31	0.0	-10.0
456	108.68	9.0	1.0
457	-10.16	0.0	-10.0
458	-10.16	0.0	-10.0
459	-10.16	0.0	-10.0
460	-10.16	0.0	-10.0
461	-10.16	0.0	-10.0
462	109.65	10.0	1.0
463	-10.16	0.0	-10.0
464	-10.16	0.0	-10.0
465	-10.16	0.0	-10.0
466	-10.16	0.0	-10.0
467	100.66	0.0	2.0
468	-10.19	0.0	-10.0
469	-10.16	0.0	-10.0
470	-10.16	0.0	-10.0
471	-10.16	0.0	-10.0
472	-10.1	0.0	-9.0
473	-10.22	0.0	-10.0
474	-10.16	0.0	-10.0
475	109.69	10.0	1.0
476	-10.16	0.0	-10.0
477	-10.16	0.0	-10.0
478	-10.16	0.0	-10.0
479	-10.16	0.0	-10.0
480	-10.19	0.0	-10.0
481	-10.22	0.0	-10.0
482	-10.3	0.0	-10.0
483	-10.2	0.0	-10.0
484	-10.31	0.0	-10.0
485	-10.2	0.0	-10.0
486	-10.2	0.0	-10.0
487	-11.370000000000001	0.0	-10.0
488	-10.2	0.0	-10.0
489	-10.23	0.0	-10.0
490	-10.2	0.0	-10.0
491	-10.22	0.0	-10.0
492	-10.2	0.0	-10.0
493	-11.07	0.0	-10.0
494	-10.2	0.0	-10.0
495	-10.2	0.0	-10.0
496	-10.2	0.0	-10.0
497	-10.23	0.0	-10.0
498	-10.23	0.0	-10.0
499	-10.2	0.0	-10.0
500	-10.3	0.0	-10.0
501	-10.25	0.0	-10.0
502	-10.18	0.0	-10.0
503	-10.22	0.0	-10.0
504	-10.24	0.0	-10.0
505	-11.19	0.0	-10.0
506	-10.22	0.0	-10.0
507	-10.16	0.0	-10.0
508	-10.16	0.0	-10.0
509	-10.16	0.0	-10.0
510	-10.16	0.0	-10.0
511	-10.25	0.0	-10.0
512	-10.16	0.0	-10.0
513	-10.16	0.0	-10.0
514	-10.16	0.0	-10.0
515	-10.19	0.0	-10.0
516	-10.2	0.0	-10.0
517	-1.2299999999999986	9.0	-9.0
518	-10.16	0.0	-10.0
519	-10.18	0.0	-10.0
520	108.75	10.0	0.0
521	-10.16	0.0	-10.0
522	-10.16	0.0	-10.0
523	-10.16	0.0	-10.0
524	-10.16	0.0	-10.0
525	110.69	10.0	2.0
526	-10.16	0.0	-10.0
527	-10.16	0.0	-10.0
528	-10.16	0.0	-10.0
529	-10.16	0.0	-10.0
530	-1.25	9.0	-9.0
531	-10.16	0.0	-10.0
532	-10.16	0.0	-10.0
533	-10.16	0.0	-10.0
534	109.71000000000001	10.0	1.0
535	-10.16	0.0	-10.0
536	-10.16	0.0	-10.0
537	-10.16	0.0	-10.0
538	-10.16	0.0	-10.0
539	-10.120000000000001	0.0	-9.0
540	-10.21	0.0	-10.0
541	-10.16	0.0	-10.0
542	-10.16	0.0	-10.0
543	-10.1	0.0	-9.0
544	-10.2	0.0	-10.0
545	-10.19	0.0	-10.0
546	108.78	9.0	1.0
547	-10.16	0.0	-10.0
548	-10.16	0.0	-10.0
549	-10.16	0.0	-10.0
550	-10.16	0.0	-10.0
551	-10.11	0.0	-9.0
552	-10.18	0.0	-10.0
553	-10.16	0.0	-10.0
554	-10.16	0.0	-10.0
555	-10.2	0.0	-10.0
556	109.75	11.0	0.0
557	-10.16	0.0	-10.0
558	-10.16	0.0	-10.0
559	-10.16	0.0	-10.0
560	-8.21	2.0	-9.0
561	-10.16	0.0	-10.0
562	-10.16	0.0	-10.0
563	-10.19	0.0	-10.0
564	-10.2	0.0	-10.0
565	-10.16	0.0	-10.0
566	-10.16	0.0	-10.0
567	-10.11	0.0	-9.0
568	-10.2	0.0	-10.0
569	-10.18	0.0	-10.0
570	-10.22	0.0	-10.0
571	-10.2	0.0	-10.0
572	-9.15	0.0	-8.0
573	-10.2	0.0	-10.0
574	-10.16	0.0	-10.0
575	-10.16	0.0	-10.0
576	-10.22	0.0	-10.0
577	108.79	9.0	1.0
578	-10.16	0.0	-10.0
579	-10.16	0.0	-10.0
580	-10.16	0.0	-10.0
581	-10.16	0.0	-10.0
582	-10.19	0.0	-10.0
583	-10.22	0.0	-10.0
584	-10.2	0.0	-10.0
585	-10.22	0.0	-10.0
586	-10.16	0.0	-10.0
587	-10.16	0.0	-10.0
588	-10.16	0.0	-10.0
589	-10.22	0.0	-10.0
590	-10.16	0.0	-10.0
591	-10.16	0.0	-10.0
592	-10.16	0.0	-10.0
593	-10.22	0.0	-10.0
594	-10.27	0.0	-10.0
595	-9.15	0.0	-8.0
596	-10.2	0.0	-10.0
597	-10.16	0.0	-10.0
598	-10.16	0.0	-10.0
599	-10.16	0.0	-10.0
600	-10.22	0.0	-10.0
601	-10.16	0.0	-10.0
602	-10.16	0.0	-10.0
603	-10.22	0.0	-10.0
604	-10.22	0.0	-10.0
605	-10.2	0.0	-10.0
606	99.79	0.0	1.0
607	-10.2	0.0	-10.0
608	-10.2	0.0	-10.0
609	-10.2	0.0	-10.0
610	-10.16	0.0	-10.0
611	-10.16	0.0	-10.0
612	-10.16	0.0	-10.0
613	-10.22	0.0	-10.0
614	-10.2	0.0	-10.0
615	-10.16	0.0	-10.0
616	-10.16	0.0	-10.0
617	-10.22	0.0	-10.0
618	-10.2	0.0	-10.0
619	-10.28	0.0	-10.0
620	-10.2	0.0	-10.0
621	-10.2	0.0	-10.0
622	-10.16	0.0	-10.0
623	-10.16	0.0	-10.0
624	-10.16	0.0	-10.0
625	-10.22	0.0	-10.0
626	-10.16	0.0	-10.0
627	-10.16	0.0	-10.0
628	-10.16	0.0	-10.0
629	-10.22	0.0	-10.0
630	107.73	7.0	2.0
631	-10.16	0.0	-10.0
632	-10.16	0.0	-10.0
633	-10.16	0.0	-10.0
634	-10.16	0.0	-10.0
635	-10.22	0.0	-10.0
636	108.76	9.0	1.0
637	-10.16	0.0	-10.0
638	-10.16	0.0	-10.0
639	-10.16	0.0	-10.0
640	-10.16	0.0	-10.0
641	-10.22	0.0	-10.0
642	-10.16	0.0	-10.0
643	-10.16	0.0	-10.0
644	-10.16	0.0	-10.0
645	-10.22	0.0	-10.0
646	-10.16	0.0	-10.0
647	-10.16	0.0	-10.0
648	-10.22	0.0	-10.0
649	-10.25	0.0	-10.0
650	-10.16	0.0	-10.0
651	-10.16	0.0	-10.0
652	-10.21	0.0	-10.0
653	-10.22	0.0	-10.0
654	-10.25	0.0	-10.0
655	-10.2	0.0	-10.0
656	-10.17	0.0	-9.0
657	-10.2	0.0	-10.0
658	-10.16	0.0	-10.0
659	-10.16	0.0	-10.0
660	-10.16	0.0	-10.0
661	-10.22	0.0	-10.0
662	-10.2	0.0	-10.0
663	-10.2	0.0	-10.0
664	-10.23	0.0	-10.0
665	-10.16	0.0	-10.0
666	-10.16	0.0	-10.0
667	-10.16	0.0	-10.0
668	-10.22	0.0	-10.0
669	-10.2	0.0	-10.0
670	-10.16	0.0	-10.0
671	-10.16	0.0	-10.0
672	-10.16	0.0	-10.0
673	-10.22	0.0	-10.0
674	-10.2	0.0	-10.0
675	-10.2	0.0	-10.0
676	-10.2	0.0	-10.0
677	107.7	7.0	2.0
678	-10.16	0.0	-10.0
679	-10.16	0.0	-10.0
680	-10.16	0.0	-10.0
681	-10.16	0.0	-10.0
682	-10.22	0.0	-10.0
683	-10.16	0.0	-10.0
684	-10.16	0.0	-10.0
685	-10.16	0.0	-10.0
686	-10.19	0.0	-10.0
687	-10.16	0.0	-10.0
688	-10.16	0.0	-10.0
689	-10.22	0.0	-10.0
690	107.73	7.0	2.0
691	-10.16	0.0	-10.0
692	-10.16	0.0	-10.0
693	-10.16	0.0	-10.0
694	-10.16	0.0	-10.0
695	-10.22	0.0	-10.0
696	107.73	7.0	2.0
697	-10.16	0.0	-10.0
698	109.77	10.0	1.0
699	-10.16	0.0	-10.0
700	-10.16	0.0	-10.0
701	-10.16	0.0	-10.0
702	-10.16	0.0	-10.0
703	-10.22	0.0	-10.0
704	-10.16	0.0	-10.0
705	-10.16	0.0	-10.0
706	-10.16	0.0	-10.0
707	-10.22	0.0	-10.0
708	107.67	7.0	2.0
709	-10.16	0.0	-10.0
710	-10.16	0.0	-10.0
711	-10.16	0.0	-10.0
712	-10.16	0.0	-10.0
713	-10.22	0.0	-10.0
714	-10.16	0.0	-10.0
715	-10.16	0.0	-10.0
716	-10.16	0.0	-10.0
717	-10.22	0.0	-10.0
718	107.7	7.0	2.0
719	-10.16	0.0	-10.0
720	-10.16	0.0	-10.0
721	-10.16	0.0	-10.0
722	-10.16	0.0	-10.0
723	-10.16	0.0	-10.0
724	-10.22	0.0	-10.0
725	107.7	7.0	2.0
726	-10.16	0.0	-10.0
727	-10.16	0.0	-10.0
728	-10.16	0.0	-10.0
729	-10.16	0.0	-10.0
730	-10.22	0.0	-10.0
731	-10.3	0.0	-10.0
732	-10.15	0.0	-9.0
733	-10.2	0.0	-10.0
734	-10.16	0.0	-10.0
735	-10.16	0.0	-10.0
736	-10.16	0.0	-10.0
737	-10.16	0.0	-10.0
738	-10.22	0.0	-10.0
739	-10.2	0.0	-10.0
740	-10.16	0.0	-10.0
741	-10.16	0.0	-10.0
742	-10.22	0.0	-10.0
743	-10.2	0.0	-10.0
744	-10.16	0.0	-10.0
745	-10.16	0.0	-10.0
746	-10.16	0.0	-10.0
747	-10.22	0.0	-10.0
748	-10.24	0.0	-10.0
749	-10.16	0.0	-10.0
750	-10.18	0.0	-10.0
751	-10.2	0.0	-10.0
752	-10.16	0.0	-10.0
753	-10.16	0.0	-10.0
754	-10.22	0.0	-10.0
755	-10.2	0.0	-10.0
756	-10.16	0.0	-10.0
757	-10.16	0.0	-10.0
758	-10.22	0.0	-10.0
759	-10.16	0.0	-10.0
760	-10.16	0.0	-10.0
761	-10.16	0.0	-10.0
762	-10.22	0.0	-10.0
763	107.73	7.0	2.0
764	-10.16	0.0	-10.0
765	-10.16	0.0	-10.0
766	-10.16	0.0	-10.0
767	-10.16	0.0	-10.0
768	-10.22	0.0	-10.0
769	107.72	7.0	2.0
770	-10.16	0.0	-10.0
771	-10.16	0.0	-10.0
772	-10.16	0.0	-10.0
773	-10.16	0.0	-10.0
774	-10.16	0.0	-10.0
775	-10.22	0.0	-10.0
776	107.69	7.0	2.0
777	-10.16	0.0	-10.0
778	-10.16	0.0	-10.0
779	-10.16	0.0	-10.0
780	-10.16	0.0	-10.0
781	-10.22	0.0	-10.0
782	-10.27	0.0	-10.0
783	-10.22	0.0	-10.0
784	-10.16	0.0	-10.0
785	-10.16	0.0	-10.0
786	-10.16	0.0	-10.0
787	-10.16	0.0	-10.0
788	-10.22	0.0	-10.0
789	-10.26	0.0	-10.0
790	-10.2	0.0	-10.0
791	-10.16	0.0	-10.0
792	-10.16	0.0	-10.0
793	-10.16	0.0	-10.0
794	-10.22	0.0	-10.0
795	107.72	7.0	2.0
796	-10.16	0.0	-10.0
797	-10.16	0.0	-10.0
798	-10.16	0.0	-10.0
799	-10.16	0.0	-10.0
800	-10.16	0.0	-10.0
801	-10.16	0.0	-10.0
802	-10.22	0.0	-10.0
803	107.69	7.0	2.0
804	-10.16	0.0	-10.0
805	-10.16	0.0	-10.0
806	-10.16	0.0	-10.0
807	-10.16	0.0	-10.0
808	-10.16	0.0	-10.0
809	-10.22	0.0	-10.0
810	107.66	7.0	2.0
811	-10.16	0.0	-10.0
812	-10.16	0.0	-10.0
813	-10.16	0.0	-10.0
814	-10.16	0.0	-10.0
815	-10.16	0.0	-10.0
816	-10.22	0.0	-10.0
817	-10.16	0.0	-10.0
818	-10.16	0.0	-10.0
819	-10.16	0.0	-10.0
820	-10.22	0.0	-10.0
821	107.7	7.0	2.0
822	-10.16	0.0	-10.0
823	-10.16	0.0	-10.0
824	-10.16	0.0	-10.0
825	-10.16	0.0	-10.0
826	-10.16	0.0	-10.0
827	-10.22	0.0	-10.0
828	107.7	7.0	2.0
829	-10.16	0.0	-10.0
830	-10.16	0.0	-10.0
831	-10.16	0.0	-10.0
832	-10.16	0.0	-10.0
833	-10.16	0.0	-10.0
834	-10.22	0.0	-10.0
835	-10.27	0.0	-10.0
836	-10.22	0.0	-10.0
837	-9.15	0.0	-8.0
838	-10.22	0.0	-10.0
839	-10.2	0.0	-10.0
840	-10.3	0.0	-10.0
841	-10.2	0.0	-10.0
842	-10.2	0.0	-10.0
843	-10.2	0.0	-10.0
844	-10.2	0.0	-10.0
845	-10.2	0.0	-10.0
846	-10.22	0.0	-10.0
847	-10.21	0.0	-10.0
848	-10.2	0.0	-10.0
849	-10.2	0.0	-10.0
850	-10.2	0.0	-10.0
851	-10.22	0.0	-10.0
852	-10.28	0.0	-10.0
853	-10.2	0.0	-10.0
854	-10.2	0.0	-10.0
855	-10.2	0.0	-10.0
856	-10.2	0.0	-10.0
857	-10.2	0.0	-10.0
858	-10.22	0.0	-10.0
859	-10.22	0.0	-10.0
860	-10.2	0.0	-10.0
861	-10.15	0.0	-9.0
862	-10.2	0.0	-10.0
863	-10.24	0.0	-10.0
864	-10.2	0.0	-10.0
865	-10.28	0.0	-10.0
866	-10.23	0.0	-10.0
867	-10.22	0.0	-10.0
868	-10.22	0.0	-10.0
869	-10.2	0.0	-10.0
870	-10.2	0.0	-10.0
871	-10.2	0.0	-10.0
872	-10.22	0.0	-10.0
873	-10.28	0.0	-10.0
874	-10.23	0.0	-10.0
875	-10.22	0.0	-10.0
876	-10.2	0.0	-10.0
877	-10.2	0.0	-10.0
878	-10.2	0.0	-10.0
879	-10.22	0.0	-10.0
880	-10.22	0.0	-10.0
881	-10.3	0.0	-10.0
882	99.02	0.0	1.0
883	-10.32	0.0	-10.0
884	-10.2	0.0	-10.0
885	-10.2	0.0	-10.0
886	-10.2	0.0	-10.0
887	-10.2	0.0	-10.0
888	-10.24	0.0	-10.0
889	-10.24	0.0	-10.0
890	-10.22	0.0	-10.0
891	-10.22	0.0	-10.0
892	-10.2	0.0	-10.0
893	-10.2	0.0	-10.0
894	-10.2	0.0	-10.0
895	-10.2	0.0	-10.0
896	-10.22	0.0	-10.0
897	-10.22	0.0	-10.0
898	-10.28	0.0	-10.0
899	-10.23	0.0	-10.0
900	-10.2	0.0	-10.0
901	-10.2	0.0	-10.0
902	-10.2	0.0	-10.0
903	-10.24	0.0	-10.0
904	-10.21	0.0	-10.0
905	-10.2	0.0	-10.0
906	-10.2	0.0	-10.0
907	-10.2	0.0	-10.0
908	-10.2	0.0	-10.0
909	-10.2	0.0	-10.0
910	-10.2	0.0	-10.0
911	-10.22	0.0	-10.0
912	-10.22	0.0	-10.0
913	-10.28	0.0	-10.0
914	-10.23	0.0	-10.0
915	-10.2	0.0	-10.0
916	-10.2	0.0	-10.0
917	-10.2	0.0	-10.0
918	-10.22	0.0	-10.0
919	-10.22	0.0	-10.0
920	-10.2	0.0	-10.0
921	-10.2	0.0	-10.0
922	-10.2	0.0	-10.0
923	-10.2	0.0	-10.0
924	-10.24	0.0	-10.0
925	-10.2	0.0	-10.0
926	-10.22	0.0	-10.0
927	-10.22	0.0	-10.0
928	-10.2	0.0	-10.0
929	-10.2	0.0	-10.0
930	-10.2	0.0	-10.0
931	-10.24	0.0	-10.0
932	-10.22	0.0	-10.0
933	-10.2	0.0	-10.0
934	-10.2	0.0	-10.0
935	-10.22	0.0	-10.0
936	-10.2	0.0	-10.0
937	-10.22	0.0	-10.0
938	-10.2	0.0	-10.0
939	-10.28	0.0	-10.0
940	-10.23	0.0	-10.0
941	-10.2	0.0	-10.0
942	-10.2	0.0	-10.0
943	-10.2	0.0	-10.0
944	-10.22	0.0	-10.0
945	-10.22	0.0	-10.0
946	-10.2	0.0	-10.0
947	-10.2	0.0	-10.0
948	-10.2	0.0	-10.0
949	-10.2	0.0	-10.0
950	-10.28	0.0	-10.0
951	-10.23	0.0	-10.0
952	-10.22	0.0	-10.0
953	-10.2	0.0	-10.0
954	-10.22	0.0	-10.0
955	-11.04	0.0	-10.0
956	-10.2	0.0	-10.0
957	-10.23	0.0	-10.0
958	-10.2	0.0	-10.0
959	-10.24	0.0	-10.0
960	-10.2	0.0	-10.0
961	-10.2	0.0	-10.0
962	-10.2	0.0	-10.0
963	-10.2	0.0	-10.0
964	-10.22	0.0	-10.0
965	-10.28	0.0	-10.0
966	-10.23	0.0	-10.0
967	-10.2	0.0	-10.0
968	-10.22	0.0	-10.0
969	-10.2	0.0	-10.0
970	-10.2	0.0	-10.0
971	-10.2	0.0	-10.0
972	-10.2	0.0	-10.0
973	-10.22	0.0	-10.0
974	-10.22	0.0	-10.0
975	-10.24	0.0	-10.0
976	-10.22	0.0	-10.0
977	-10.2	0.0	-10.0
978	-10.2	0.0	-10.0
979	-10.2	0.0	-10.0
980	-10.2	0.0	-10.0
981	-10.2	0.0	-10.0
982	-10.2	0.0	-10.0
983	-10.22	0.0	-10.0
984	-10.2	0.0	-10.0
985	-10.2	0.0	-10.0
986	-10.24	0.0	-10.0
987	-10.2	0.0	-10.0
988	-10.2	0.0	-10.0
989	-10.2	0.0	-10.0
990	-10.2	0.0	-10.0
991	-10.2	0.0	-10.0
992	-10.2	0.0	-10.0
993	-10.2	0.0	-10.0
994	-10.2	0.0	-10.0
995	-10.2	0.0	-10.0
996	-10.2	0.0	-10.0
997	-10.2	0.0	-10.0
998	-10.2	0.0	-10.0
999	-10.2	0.0	-10.0
1000	-10.2	0.0	-10.0
1001	-10.2	0.0	-10.0
1002	-10.2	0.0	-10.0
1003	-10.2	0.0	-10.0
1004	-10.2	0.0	-10.0
1005	-10.2	0.0	-10.0
1006	-10.2	0.0	-10.0
1007	-10.2	0.0	-10.0
1008	-10.2	0.0	-10.0
1009	-10.2	0.0	-10.0
1010	-10.2	0.0	-10.0
1011	-10.2	0.0	-10.0
1012	-10.2	0.0	-10.0
1013	-10.2	0.0	-10.0
1014	-10.2	0.0	-10.0
1015	-10.2	0.0	-10.0
1016	-10.2	0.0	-10.0
1017	-10.2	0.0	-10.0
1018	-10.2	0.0	-10.0
1019	-10.2	0.0	-10.0
1020	-10.2	0.0	-10.0
1021	-10.2	0.0	-10.0
1022	-10.2	0.0	-10.0
1023	-10.2	0.0	-10.0
1024	-10.2	0.0	-10.0
1025	-10.2	0.0	-10.0
1026	-10.2	0.0	-10.0
1027	-10.2	0.0	-10.0
1028	-10.2	0.0	-10.0
1029	-10.2	0.0	-10.0
1030	-10.2	0.0	-10.0
1031	-10.2	0.0	-10.0
1032	-10.2	0.0	-10.0
1033	-10.2	0.0	-10.0
1034	-10.2	0.0	-10.0
1035	-10.2	0.0	-10.0
1036	-10.2	0.0	-10.0
1037	-10.2	0.0	-10.0
1038	-10.2	0.0	-10.0
1039	-10.2	0.0	-10.0
1040	-10.2	0.0	-10.0
1041	-10.2	0.0	-10.0
1042	-10.2	0.0	-10.0
1043	-10.2	0.0	-10.0
1044	-10.2	0.0	-10.0
1045	-10.2	0.0	-10.0
1046	-10.2	0.0	-10.0
1047	-10.2	0.0	-10.0
1048	-10.2	0.0	-10.0
1049	-10.2	0.0	-10.0
1050	-10.2	0.0	-10.0
1051	-10.2	0.0	-10.0
1052	-10.2	0.0	-10.0
1053	-10.2	0.0	-10.0
1054	-10.2	0.0	-10.0
1055	-10.2	0.0	-10.0
1056	-10.2	0.0	-10.0
1057	-10.2	0.0	-10.0
1058	-10.2	0.0	-10.0
1059	-10.2	0.0	-10.0
1060	-10.2	0.0	-10.0
1061	-10.2	0.0	-10.0
1062	-10.2	0.0	-10.0
1063	-10.2	0.0	-10.0
1064	-10.2	0.0	-10.0
1065	-10.2	0.0	-10.0
1066	-10.2	0.0	-10.0
1067	-10.2	0.0	-10.0
1068	-10.2	0.0	-10.0
1069	-10.2	0.0	-10.0
1070	-10.2	0.0	-10.0
1071	-10.2	0.0	-10.0
1072	-10.2	0.0	-10.0
1073	-10.2	0.0	-10.0
1074	-10.2	0.0	-10.0
1075	-10.2	0.0	-10.0
1076	-10.2	0.0	-10.0
1077	-10.2	0.0	-10.0
1078	-10.2	0.0	-10.0
1079	-10.2	0.0	-10.0
1080	-10.2	0.0	-10.0
1081	-10.2	0.0	-10.0
1082	-10.2	0.0	-10.0
1083	-10.2	0.0	-10.0
1084	-10.2	0.0	-10.0
1085	-10.2	0.0	-10.0
1086	-10.2	0.0	-10.0
1087	-10.2	0.0	-10.0
1088	-10.2	0.0	-10.0
1089	-10.2	0.0	-10.0
1090	-10.2	0.0	-10.0
1091	-10.2	0.0	-10.0
1092	-10.2	0.0	-10.0
1093	-10.2	0.0	-10.0
1094	-10.2	0.0	-10.0
1095	-10.2	0.0	-10.0
1096	-10.2	0.0	-10.0
1097	-10.2	0.0	-10.0
1098	-10.2	0.0	-10.0
1099	-10.2	0.0	-10.0
1100	-10.2	0.0	-10.0
1101	-10.2	0.0	-10.0
1102	-10.2	0.0	-10.0
1103	-10.2	0.0	-10.0
1104	-10.2	0.0	-10.0
1105	-10.2	0.0	-10.0
1106	-10.2	0.0	-10.0
1107	-10.2	0.0	-10.0
1108	-10.2	0.0	-10.0
1109	-10.2	0.0	-10.0
1110	-10.2	0.0	-10.0
1111	-10.2	0.0	-10.0
1112	-10.2	0.0	-10.0
1113	-10.2	0.0	-10.0
1114	-10.2	0.0	-10.0
1115	-10.2	0.0	-10.0
1116	-10.2	0.0	-10.0
1117	-10.2	0.0	-10.0
1118	-10.2	0.0	-10.0
1119	-10.2	0.0	-10.0
1120	-10.2	0.0	-10.0
1121	-10.2	0.0	-10.0
1122	-10.16	0.0	-10.0
1123	-10.16	0.0	-10.0
1124	-10.16	0.0	-10.0
1125	-10.16	0.0	-10.0
1126	-10.16	0.0	-10.0
1127	-10.22	0.0	-10.0
1128	-10.16	0.0	-10.0
1129	-10.16	0.0	-10.0
1130	-10.16	0.0	-10.0
1131	-10.22	0.0	-10.0
1132	-10.16	0.0	-10.0
1133	-10.16	0.0	-10.0
1134	-10.16	0.0	-10.0
1135	-10.22	0.0	-10.0
1136	109.82	9.0	2.0
1137	-10.16	0.0	-10.0
1138	-10.16	0.0	-10.0
1139	-10.16	0.0	-10.0
1140	-10.16	0.0	-10.0
1141	-10.22	0.0	-10.0
1142	-10.19	0.0	-10.0
1143	-10.16	0.0	-10.0
1144	-10.16	0.0	-10.0
1145	-10.16	0.0	-10.0
1146	-10.22	0.0	-10.0
1147	99.6	0.0	1.0
1148	-10.2	0.0	-10.0
1149	-10.21	0.0	-10.0
1150	-10.24	0.0	-10.0
1151	-10.2	0.0	-10.0
1152	-10.2	0.0	-10.0
1153	-10.2	0.0	-10.0
1154	-10.2	0.0	-10.0
1155	-10.22	0.0	-10.0
1156	-10.2	0.0	-10.0
1157	-10.2	0.0	-10.0
1158	-10.2	0.0	-10.0
1159	-10.28	0.0	-10.0
1160	-10.23	0.0	-10.0
1161	-10.2	0.0	-10.0
1162	-10.2	0.0	-10.0
1163	-10.2	0.0	-10.0
1164	-10.2	0.0	-10.0
1165	-10.2	0.0	-10.0
1166	-10.22	0.0	-10.0
1167	-10.2	0.0	-10.0
1168	-10.2	0.0	-10.0
1169	-10.2	0.0	-10.0
1170	-10.2	0.0	-10.0
1171	-10.2	0.0	-10.0
1172	-10.2	0.0	-10.0
1173	-10.2	0.0	-10.0
1174	-10.2	0.0	-10.0
1175	-10.2	0.0	-10.0
1176	-10.2	0.0	-10.0
1177	-10.2	0.0	-10.0
1178	-10.2	0.0	-10.0
1179	-10.2	0.0	-10.0
1180	-10.2	0.0	-10.0
1181	-10.2	0.0	-10.0
1182	-10.2	0.0	-10.0
1183	-10.2	0.0	-10.0
1184	-10.2	0.0	-10.0
1185	-10.2	0.0	-10.0
1186	-10.2	0.0	-10.0
1187	-10.2	0.0	-10.0
1188	-10.2	0.0	-10.0
1189	-10.2	0.0	-10.0
1190	-10.2	0.0	-10.0
1191	-10.2	0.0	-10.0
1192	-10.2	0.0	-10.0
1193	-10.2	0.0	-10.0
1194	-10.2	0.0	-10.0
1195	-10.2	0.0	-10.0
1196	-10.2	0.0	-10.0
1197	-10.2	0.0	-10.0
1198	-10.2	0.0	-10.0
1199	-10.2	0.0	-10.0
1200	-10.2	0.0	-10.0
1201	-10.2	0.0	-10.0
1202	-10.2	0.0	-10.0
1203	-10.2	0.0	-10.0
1204	-10.2	0.0	-10.0
1205	-10.2	0.0	-10.0
1206	-10.2	0.0	-10.0
1207	-10.2	0.0	-10.0
1208	-10.2	0.0	-10.0
1209	-10.2	0.0	-10.0
1210	-10.2	0.0	-10.0
1211	-10.2	0.0	-10.0
1212	-10.2	0.0	-10.0
1213	-10.2	0.0	-10.0
1214	-10.2	0.0	-10.0
1215	-10.2	0.0	-10.0
1216	-10.2	0.0	-10.0
1217	-10.2	0.0	-10.0
1218	-10.2	0.0	-10.0
1219	-10.2	0.0	-10.0
1220	-10.2	0.0	-10.0
1221	-10.2	0.0	-10.0
1222	-10.2	0.0	-10.0
1223	-10.2	0.0	-10.0
1224	-10.2	0.0	-10.0
1225	-10.2	0.0	-10.0
1226	-10.2	0.0	-10.0
1227	-10.2	0.0	-10.0
1228	-10.2	0.0	-10.0
1229	-10.2	0.0	-10.0
1230	-10.2	0.0	-10.0
1231	-10.2	0.0	-10.0
1232	-10.2	0.0	-10.0
1233	-10.2	0.0	-10.0
1234	-10.2	0.0	-10.0
1235	-10.2	0.0	-10.0
1236	-10.2	0.0	-10.0
1237	-10.2	0.0	-10.0
1238	-10.2	0.0	-10.0
1239	-10.2	0.0	-10.0
1240	-10.2	0.0	-10.0
1241	-10.2	0.0	-10.0
1242	-10.2	0.0	-10.0
1243	-10.2	0.0	-10.0
1244	-10.2	0.0	-10.0
1245	-10.2	0.0	-10.0
1246	-10.2	0.0	-10.0
1247	-10.2	0.0	-10.0
1248	-10.2	0.0	-10.0
1249	-10.2	0.0	-10.0
1250	-10.2	0.0	-10.0
1251	-10.2	0.0	-10.0
1252	-10.2	0.0	-10.0
1253	-10.2	0.0	-10.0
1254	-10.2	0.0	-10.0
1255	-10.2	0.0	-10.0
1256	-10.2	0.0	-10.0
1257	-10.2	0.0	-10.0
1258	-10.2	0.0	-10.0
1259	-10.2	0.0	-10.0
1260	-10.2	0.0	-10.0
1261	-10.2	0.0	-10.0
1262	-10.2	0.0	-10.0
1263	-10.2	0.0	-10.0
1264	-10.2	0.0	-10.0
1265	-10.2	0.0	-10.0
1266	-10.2	0.0	-10.0
1267	-10.2	0.0	-10.0
1268	-10.2	0.0	-10.0
1269	-10.2	0.0	-10.0
1270	-10.2	0.0	-10.0
1271	-10.2	0.0	-10.0
1272	-10.2	0.0	-10.0
1273	-10.2	0.0	-10.0
1274	-10.2	0.0	-10.0
1275	-10.2	0.0	-10.0
1276	-10.2	0.0	-10.0
1277	-10.2	0.0	-10.0
1278	-10.2	0.0	-10.0
1279	-10.2	0.0	-10.0
1280	-10.2	0.0	-10.0
1281	-10.2	0.0	-10.0
1282	-10.2	0.0	-10.0
1283	-10.2	0.0	-10.0
1284	-10.2	0.0	-10.0
1285	-10.2	0.0	-10.0
1286	-10.2	0.0	-10.0
1287	-10.2	0.0	-10.0
1288	-10.2	0.0	-10.0
1289	-10.2	0.0	-10.0
1290	-10.2	0.0	-10.0
1291	-10.2	0.0	-10.0
1292	-10.2	0.0	-10.0
1293	-10.2	0.0	-10.0
1294	-10.2	0.0	-10.0
1295	-10.2	0.0	-10.0
1296	-10.2	0.0	-10.0
1297	-10.2	0.0	-10.0
1298	-10.2	0.0	-10.0
1299	-10.2	0.0	-10.0
1300	-10.2	0.0	-10.0
1301	-10.2	0.0	-10.0
1302	-10.2	0.0	-10.0
1303	-10.2	0.0	-10.0
1304	-10.2	0.0	-10.0
1305	-10.2	0.0	-10.0
1306	-10.2	0.0	-10.0
1307	-10.2	0.0	-10.0
1308	-10.2	0.0	-10.0
1309	-10.2	0.0	-10.0
1310	-10.2	0.0	-10.0
1311	-10.2	0.0	-10.0
1312	-10.2	0.0	-10.0
1313	-10.2	0.0	-10.0
1314	-10.2	0.0	-10.0
1315	-10.2	0.0	-10.0
1316	-10.2	0.0	-10.0
1317	-10.2	0.0	-10.0
1318	-10.2	0.0	-10.0
1319	-10.2	0.0	-10.0
1320	-10.2	0.0	-10.0
1321	-10.2	0.0	-10.0
1322	-10.2	0.0	-10.0
1323	-10.2	0.0	-10.0
1324	-10.2	0.0	-10.0
1325	-10.2	0.0	-10.0
1326	-10.2	0.0	-10.0
1327	-10.2	0.0	-10.0
1328	-10.2	0.0	-10.0
1329	-10.2	0.0	-10.0
1330	-10.2	0.0	-10.0
1331	-10.2	0.0	-10.0
1332	-10.2	0.0	-10.0
1333	-10.2	0.0	-10.0
1334	-10.2	0.0	-10.0
1335	-10.2	0.0	-10.0
1336	-10.2	0.0	-10.0
1337	-10.2	0.0	-10.0
1338	-10.2	0.0	-10.0
1339	-10.2	0.0	-10.0
1340	-10.2	0.0	-10.0
1341	-10.2	0.0	-10.0
1342	-10.2	0.0	-10.0
1343	-10.2	0.0	-10.0
1344	-10.2	0.0	-10.0
1345	-10.2	0.0	-10.0
1346	-10.2	0.0	-10.0
1347	-10.2	0.0	-10.0
1348	-10.2	0.0	-10.0
1349	-10.2	0.0	-10.0
1350	-10.2	0.0	-10.0
1351	-10.2	0.0	-10.0
1352	-10.2	0.0	-10.0
1353	-10.2	0.0	-10.0
1354	-10.2	0.0	-10.0
1355	-10.2	0.0	-10.0
1356	-10.2	0.0	-10.0
1357	-10.2	0.0	-10.0
1358	-10.2	0.0	-10.0
1359	-10.2	0.0	-10.0
1360	-10.2	0.0	-10.0
1361	-10.2	0.0	-10.0
1362	-10.2	0.0	-10.0
1363	-10.2	0.0	-10.0
1364	-10.2	0.0	-10.0
1365	-10.2	0.0	-10.0
1366	-10.2	0.0	-10.0
1367	-10.2	0.0	-10.0
1368	-10.2	0.0	-10.0
1369	-10.2	0.0	-10.0
1370	-10.2	0.0	-10.0
1371	-10.2	0.0	-10.0
1372	-10.2	0.0	-10.0
1373	-10.2	0.0	-10.0
1374	-10.2	0.0	-10.0
1375	-10.2	0.0	-10.0
1376	-10.2	0.0	-10.0
1377	-10.2	0.0	-10.0
1378	-10.2	0.0	-10.0
1379	-10.2	0.0	-10.0
1380	-10.2	0.0	-10.0
1381	-10.2	0.0	-10.0
1382	-10.2	0.0	-10.0
1383	-10.2	0.0	-10.0
1384	-10.2	0.0	-10.0
1385	-10.2	0.0	-10.0
1386	-10.2	0.0	-10.0
1387	-10.2	0.0	-10.0
1388	-10.2	0.0	-10.0
1389	-10.2	0.0	-10.0
1390	-10.2	0.0	-10.0
1391	-10.2	0.0	-10.0
1392	-10.2	0.0	-10.0
1393	-10.2	0.0	-10.0
1394	-10.2	0.0	-10.0
1395	-10.2	0.0	-10.0
1396	-10.2	0.0	-10.0
1397	-10.2	0.0	-10.0
1398	-10.2	0.0	-10.0
1399	-10.2	0.0	-10.0
1400	-10.2	0.0	-10.0
1401	-10.2	0.0	-10.0
1402	-10.2	0.0	-10.0
1403	-10.2	0.0	-10.0
1404	-10.2	0.0	-10.0
1405	-10.2	0.0	-10.0
1406	-10.2	0.0	-10.0
1407	-10.2	0.0	-10.0
1408	-10.2	0.0	-10.0
1409	-10.2	0.0	-10.0
1410	-10.2	0.0	-10.0
1411	-10.2	0.0	-10.0
1412	-10.2	0.0	-10.0
1413	-10.2	0.0	-10.0
1414	-10.2	0.0	-10.0
1415	-10.2	0.0	-10.0
1416	-10.2	0.0	-10.0
1417	-10.2	0.0	-10.0
1418	-10.2	0.0	-10.0
1419	-10.2	0.0	-10.0
1420	-10.2	0.0	-10.0
1421	-10.2	0.0	-10.0
1422	-10.2	0.0	-10.0
1423	-10.2	0.0	-10.0
1424	-10.2	0.0	-10.0
1425	-10.2	0.0	-10.0
1426	-10.2	0.0	-10.0
1427	-10.2	0.0	-10.0
1428	-10.2	0.0	-10.0
1429	-10.2	0.0	-10.0
1430	-10.2	0.0	-10.0
1431	-10.2	0.0	-10.0
1432	-10.2	0.0	-10.0
1433	-10.2	0.0	-10.0
1434	-10.2	0.0	-10.0
1435	-10.2	0.0	-10.0
1436	-10.2	0.0	-10.0
1437	-10.2	0.0	-10.0
1438	-10.2	0.0	-10.0
1439	-10.2	0.0	-10.0
1440	-10.2	0.0	-10.0
1441	-10.2	0.0	-10.0
1442	-10.2	0.0	-10.0
1443	-10.2	0.0	-10.0
1444	-10.2	0.0	-10.0
1445	-10.2	0.0	-10.0
1446	-10.2	0.0	-10.0
1447	-10.2	0.0	-10.0
1448	-10.2	0.0	-10.0
1449	-10.2	0.0	-10.0
1450	-10.2	0.0	-10.0
1451	-10.2	0.0	-10.0
1452	-10.2	0.0	-10.0
1453	-10.2	0.0	-10.0
1454	-10.2	0.0	-10.0
1455	-10.2	0.0	-10.0
1456	-10.2	0.0	-10.0
1457	-10.2	0.0	-10.0
1458	-10.2	0.0	-10.0
1459	-10.2	0.0	-10.0
1460	-10.2	0.0	-10.0
1461	-10.2	0.0	-10.0
1462	-10.2	0.0	-10.0
1463	-10.2	0.0	-10.0
1464	-10.2	0.0	-10.0
1465	-10.2	0.0	-10.0
1466	-10.2	0.0	-10.0
1467	-10.2	0.0	-10.0
1468	-10.2	0.0	-10.0
1469	-10.2	0.0	-10.0
1470	-10.2	0.0	-10.0
1471	-10.2	0.0	-10.0
1472	-10.2	0.0	-10.0
1473	-10.2	0.0	-10.0
1474	-10.2	0.0	-10.0
1475	-10.19	0.0	-10.0
1476	-10.18	0.0	-10.0
1477	-10.2	0.0	-10.0
1478	-10.23	0.0	-10.0
1479	-10.2	0.0	-10.0
1480	-10.2	0.0	-10.0
1481	-10.2	0.0	-10.0
1482	-10.2	0.0	-10.0
1483	-10.2	0.0	-10.0
1484	-10.2	0.0	-10.0
1485	-10.2	0.0	-10.0
1486	-10.2	0.0	-10.0
1487	-10.2	0.0	-10.0
1488	-10.2	0.0	-10.0
1489	-10.2	0.0	-10.0
1490	-10.2	0.0	-10.0
1491	-10.2	0.0	-10.0
1492	-10.2	0.0	-10.0
1493	-10.2	0.0	-10.0
1494	-10.2	0.0	-10.0
1495	-10.2	0.0	-10.0
1496	-10.2	0.0	-10.0
1497	-10.2	0.0	-10.0
1498	-10.2	0.0	-10.0
1499	-10.2	0.0	-10.0
