143.96,18.1,30.92,28.37,28.84,50.04
-10.15,-10.18,144.3,141.4,146.23,82.32
144.75,-10.16,148.28,16.73,27.94,65.51
140.3,12.79,19.18,-10.27,142.11,60.82
-10.2,13.04,-10.14,140.71,19,30.48
141.44,18.4,-10.22,-10.27,143.39,56.55
142.24,-10.32,17.3,-10.19,141,56.01
143.41,134.69,16.69,-10.18,24.69,61.86
141.31,18.34,-10.25,-10.24,140.87,56.01
143.92,26.98,-10.19,-10.18,19.43,33.99
142.62,145.41,145.06,27.22,137.88,119.64
146.19,20.36,27,139.32,26.91,71.96
145.96,-10.1,30.29,139.76,140.4,89.26
30.63,144.6,20.54,-10.32,26.97,42.48
29.58,20.27,31.87,25.69,139.63,49.41
145.9,141.13,28.4,27.13,16.89,71.89
143.91,145.01,29.17,-10.21,143.03,90.18
29.33,144.63,17.93,19.34,142.75,70.8
143.47,24.71,145.98,28.38,144.06,97.32
145.34,33.28,29.34,140.9,20.43,73.86
141.63,24.2,140.4,-10.35,140.86,87.35
18.11,31.82,30.65,141.39,147.06,73.81
29.6,19.89,25.08,140.94,143.57,71.82
141.35,139.24,-10.12,28.76,142.86,88.42
141.93,18.68,19.74,28.24,143.67,70.45
29.28,145.51,144.54,18.39,144.25,96.39
143.61,26.01,141.52,28.27,143.08,96.5
22.73,19.39,24.89,146.95,30.59,48.91
144.65,18.66,139.84,143.18,144.49,118.16
140.84,27.82,140.71,-10.11,30.4,65.93
29.57,141.3,146.26,27.83,28.03,74.6
30.75,143.83,25.25,-10.11,145.86,67.12
25.26,15.73,144.49,15.12,29.15,45.95
27.45,143.11,19.97,28.71,143.47,72.54
28.81,27.69,148.02,21.09,141.73,73.47
142.63,146.03,146.51,25.23,142.64,120.61
144.43,22.32,20.22,29.9,29.78,49.33
141.02,140.55,142.37,31.12,145.87,120.19
145.77,144.59,141.31,19.43,145.71,119.36
28.33,21.34,19.57,140.87,145.35,71.09
30.56,29.51,143.32,140.39,145.03,97.76
143.4,145.4,146.68,27.17,30.41,98.61
144.24,144.38,146.2,142.73,29.97,121.5
145.78,144.56,19.55,141.76,20.18,94.37
143.49,145.77,19.5,17.45,29.38,71.12
145.6,144.48,146.23,139.04,31.23,121.32
145.18,147.68,146.91,138.15,21.3,119.84
141.11,143.03,30.91,25.88,19,71.99
143.63,145.28,144.51,-10.23,143.18,113.27
144.97,30.6,19.31,27.01,19.81,48.34
144.05,145.23,31.54,143.77,144.93,121.9
142.79,143.51,145.48,141.54,20.32,118.73
145.8,20.35,147.26,137.94,18.64,94
29.82,146.52,145.15,141.82,20.52,96.77
33.14,29.22,146.01,139.83,20.46,73.73
30.61,16.63,140.74,140.78,21.28,70.01
-10.26,15.74,31.32,134.26,32.9,40.79
144.26,27.93,141.46,140.82,20.29,94.95
32.59,15.8,141.8,18.57,21.13,45.98
29.79,31,143.93,144.62,19.07,73.68
29.23,15.76,144.62,20.48,144.3,70.88
148.22,-10.1,144.61,135.6,-10.16,81.63
22.43,143.58,146.78,14.32,28.68,71.16
22.12,145.48,140.61,141.22,-10.15,87.86
-10.3,145.55,141.67,29.56,145.19,90.33
29.44,15.51,143.57,26.69,144.66,71.97
146.51,145.22,147.61,140.74,144.42,144.9
145.76,144.17,147.82,137.09,145.18,144
21.42,145.74,19.56,143.5,144.39,94.92
136.53,146.56,146.23,22.38,146.48,119.64
12.34,145.56,146.87,138.94,138.94,116.53
17.33,145.59,30.66,140.46,145.59,95.93
19.1,145.18,142.11,138.58,-10.23,86.95
18.39,147.92,25.33,139.44,145.18,95.25
145.91,144.9,145.01,-10.28,138.91,112.89
20.58,145.85,31.12,16.94,17.27,46.35
21.39,144.64,148.15,142.56,140.09,119.37
147.4,145.18,145.78,144.87,-10.23,114.6
147.83,144.5,148.23,27.22,144.16,122.39
143.87,145.07,149.34,27.28,140.82,121.28
143.61,146.55,144.51,26.36,143.99,121
31.78,145.44,145.11,25.11,-10.23,67.44
144.98,146.34,27.83,145.49,142.63,121.45
30.87,146.27,142.48,143.36,143.08,121.21
30.03,146.26,28.7,144.47,143.03,98.5
142.22,22.91,145.45,30.32,142.85,96.75
145.98,20.29,20.56,143.73,-10.27,64.06
31.72,145.65,143.55,25.01,145.95,98.38
145.49,147.38,143.52,143.58,-10.32,113.93
144.83,147.52,144.79,140.4,143.7,144.25
144.79,146.56,142.43,142.75,-10.25,113.26
146.1,146.11,144.68,141.77,142.27,144.19
148.31,145.73,144.62,140.66,17.15,119.29
31.62,145.72,145.16,141.82,-10.27,90.81
-10.23,145.45,146.38,142.33,32.53,91.29
143.32,144.31,145.3,141.22,145.5,143.93
143.51,144.31,144.25,-10.32,146.71,113.69
147.96,147.19,144.35,-10.28,147.69,115.38
146.89,147.38,143.6,142.49,21.28,120.33
28.26,147.15,22.63,-10.32,145.34,66.61
147.31,143.64,20.64,-10.32,143.89,89.03
149.95,147.44,20.61,142.31,145.03,121.07
147.04,142.8,142.53,27.39,145.96,121.14
145.85,146.43,20.64,-10.32,143.96,89.31
31.44,146.86,20.62,143.74,144.04,97.34
29.34,19.92,20.56,-10.32,143.9,40.68
-10.17,144.89,20.59,143.53,144.08,88.58
29.36,143.94,20.61,-10.32,143.79,65.48
29.05,143.91,20.48,144.43,144.93,96.56
30.29,142.34,145.1,25.61,143.37,97.34
31.23,144.5,145.38,26.7,17.77,73.12
-10.17,144.92,145.92,145.34,145.68,114.34
16.65,148.23,146.22,22.75,144.09,95.59
145.5,149.21,147.19,129.98,144.93,143.36
27.06,147.19,147.18,7.34,144.06,94.57
27.89,147.2,149.14,7.54,29.02,72.16
141.76,144.26,145.18,119.81,30.05,116.21
139.68,145.48,-10.25,130.7,20.53,85.23
144.34,144.43,149.1,138.59,143.86,144.06
142.85,147.08,-10.25,145.28,19.76,88.94
145.73,21.64,149.23,142.14,29.64,97.68
28.85,145.4,147.19,19.88,28.78,74.02
144.88,145.53,147.57,149.67,141.23,145.78
142.08,138.52,141.99,33.68,144.68,120.19
142.79,140.89,19.18,142.86,144.62,118.07
145.42,139.05,149.35,32.14,31.68,99.53
145.11,146.45,141.05,29.55,19.53,96.34
142.78,148.56,145.22,143.66,144.81,145.01
145.3,146.09,141.52,142.28,144.82,144
139.57,148.56,-10.15,24.56,143.48,89.2
143.54,146.63,146.72,-10.31,144.4,114.2
148.16,146.62,140.7,30.64,145.54,122.33
145.84,144.4,148.06,20.4,144.47,120.63
144.36,146.41,27.81,139.44,142.57,120.12
139.22,146.11,146.06,28.77,143.88,120.81
143.33,148.19,144.61,144.57,30.63,122.27
144.75,147.51,148.57,20.35,29.77,98.19
142.82,145.57,148.84,27.77,19.38,96.88
147.89,145.4,144.72,26.43,20.45,96.98
146.43,33.23,142.66,22.33,145.9,98.11
144.88,32.95,28.76,-10.42,20.48,43.33
143.92,31.99,28.36,145.53,27.77,75.51
147.95,33.22,145.56,138.42,141.5,121.33
143.87,33.91,144.29,141.96,30.07,98.82
146.5,146.6,29.73,144.32,20.47,97.52
148.42,22.52,27.93,22.78,29.1,50.15
144.75,146.48,-10.08,144.14,144.1,113.88
144,33.98,148.36,22.32,145.91,98.91
143.63,146.23,142.98,137.81,143.61,142.85
146.69,147.1,143.85,143.14,145.05,145.17
146.64,31.54,142.61,139.49,145.02,121.06
144.9,146.12,148.65,139.19,144.1,144.59
143.8,26.91,148.52,139.13,145.09,120.69
147.42,147.06,148.87,137.99,143.55,144.98
144.4,146.84,147.75,24.08,142.68,121.15
144.51,146.2,143.08,23.05,141.88,119.74
148,145.48,143.83,137.68,141.82,143.36
21.32,145.47,143.38,23.06,143.97,95.44
144.12,145.85,142.96,24.03,143.97,120.19
146.53,145.42,146.54,23.16,147.31,121.79
21.36,145.29,145.24,22.98,144.88,95.95
145.38,25.05,143.9,135.88,144.89,119.02
21.36,22.4,144.41,136.2,144.01,93.68
-10.17,147.95,144.4,138.1,144.01,112.86
21.4,147.44,148.43,21.11,143.96,96.47
21.32,149.31,15.61,138.88,143.86,93.8
144.2,146.57,15.52,21.24,144.34,94.37
144.77,148.4,147.91,23.19,144.5,121.75
21.35,148.85,147.91,23.02,144.96,97.22
21.34,145.31,143.93,21.26,145.01,95.37
147.06,149.18,142.95,139.94,144.99,144.82
144.27,20.32,143,138.78,145.01,118.28
147,148.8,142.95,136.91,145,144.13
148.43,149.4,143.52,20.94,143.83,121.22
145.84,147,144.6,138.58,142.97,143.8
145.69,21.11,148.6,138.99,144.75,119.83
146.61,147.72,147.72,141.05,140.78,144.78
146.5,148.23,144.53,142.38,143.36,145
145.4,147.5,147.54,139.93,143.38,144.75
145.52,145.58,148.55,23.19,143.17,121.2
145,148.17,148.41,143.19,146.73,146.3
144.17,145.5,148.41,142.01,141.71,144.36
143.35,145.79,147.79,136.25,141.35,142.91
145.14,144.2,144.45,141.8,140.78,143.27
145.14,27.75,30.2,140.84,141.43,97.07
142.19,148.33,147.78,137.84,141.79,143.59
145.03,148.22,145.64,143.55,140.96,144.68
144.33,148.31,149.6,137.75,142.54,144.51
143.37,146.59,148.5,143.41,140.53,144.48
144.97,149.05,145.86,139.8,143.3,144.6
142.3,149.47,144.03,138.67,143.82,143.66
143.29,149.31,147.76,143.41,18.83,120.52
145.3,148.39,144.7,27.48,143.37,121.85
143.26,149.25,143.86,137.09,145.92,143.88
143.41,146.35,21.46,138.88,144.76,118.97
144.23,31.57,143.85,24,145.63,97.86
145.36,148.31,144.67,139.87,146.53,144.95
144.47,144.54,144.8,21.75,144.48,120.01
147.7,144.48,143.87,143.46,143.43,144.59
147.28,145.89,145.59,14.35,144.85,119.59
145.85,20.38,142.31,142.72,144.96,119.24
144.82,18.5,147.62,25.08,145.2,96.24
145.34,147.05,144.18,141.69,144.11,144.47
145.25,147.38,143.78,23.81,145.33,121.11
146.27,147.81,145.57,21.99,19.62,96.25
148.28,145.7,149.24,138.73,19.55,120.3
148.72,147.48,145.44,17.52,144.91,120.81
146.5,21.3,142.69,142.45,147.48,120.08
144.14,147.57,146.62,139.32,146.56,144.84
18.93,21.32,21.48,22.75,146.49,46.19
142.9,148.17,148.79,141.63,146.5,145.6
145.54,147.47,149.61,144.8,146.28,146.74
146.27,149.32,33.62,141.03,147.48,123.54
147.75,148.3,150.47,144.96,146.44,147.58
146.37,147.89,145.31,144.86,146.5,146.19
146.53,148.68,145.52,143.79,147.82,146.47
146.76,147.47,150.32,142.75,146.5,146.76
146.69,149.13,150.27,142.11,145.18,146.68
146.66,148.12,149.34,26.57,146.37,123.41
145.79,148.67,147.35,143.96,143.92,145.94
145.37,148.25,144.41,142.03,143.27,144.67
145.8,147.56,33.59,141.56,143.29,122.36
144.88,145.29,148.37,28.67,143.69,122.18
146.55,148.24,148.32,137.02,142.01,144.43
145.66,148.46,146.5,144.92,143.81,145.87
145.41,22.33,150.36,143,143.44,120.91
145.46,148.32,33.18,16.76,143.25,97.39
146.5,147.35,149.3,139.93,144.82,145.58
147.37,32.73,143.91,16.75,145,97.15
147.37,148.41,17.96,138.83,144.82,119.48
145.42,146.36,146.65,28.78,144.81,122.4
145.57,147.49,148.41,-10.17,147.31,115.72
147.82,22.3,33.39,22.18,144.71,74.08
146.55,147.19,143.36,140.93,143.58,144.32
147.61,146.69,148.36,28.43,143.91,123
145.13,148.53,148.36,29.69,143.39,123.02
146.64,148.5,148.43,140,143.71,145.46
144.45,146.65,29.99,28.79,144.67,98.91
148.43,22.18,144.06,139.06,144.68,119.68
147.3,133.81,144.42,142.76,143.75,142.41
147.67,146.73,30.1,142.09,143.96,122.11
147.07,149.3,145.4,139.12,143.19,144.82
147.37,147.57,148.41,136.78,145.8,145.19
146.56,146.64,33.69,138.26,143.76,121.78
146.24,146.75,146.24,25.17,144.48,121.78
145.31,146.85,144.07,135.21,142.91,142.87
148.08,147.47,144.5,140.11,142.93,144.62
145.68,147.75,147.08,142.07,143.92,145.3
145.36,148.6,147.62,137.18,143.87,144.53
146.39,147.26,148.51,140.95,145.85,145.79
146.75,147.69,144.61,137.06,145.87,144.4
145.47,147.71,144.65,141.78,144.69,144.86
146.17,149.33,143.61,137.18,144.78,144.21
145.45,29.51,144.32,137.89,143.68,120.17
147.57,31.32,144.6,140.33,145.19,121.8
145.4,144.32,146.05,139.32,140.84,143.19
142.09,144.42,145.39,134.68,144.67,142.25
144.37,146.4,149.05,24.19,144.82,121.77
146.69,148.16,145.3,-10.19,145.2,115.03
146.59,146.63,146.19,140.23,145.22,144.97
146.37,145.5,144.66,141.11,145.21,144.57
148.36,146.58,148.27,140.24,143.94,145.48
147.17,146.27,145.46,142.86,144.84,145.32
147.67,146.46,149.32,142.43,146.18,146.41
148.75,144.46,150.28,144.05,144.85,146.48
146.36,145.3,146.34,140.51,146.2,144.94
145.61,146.29,146.54,141.28,144.85,144.91
145.53,146.38,146.64,138.36,146.2,144.62
146.62,145.4,144.35,141.59,144.6,144.51
30.35,145.11,144.03,139.51,143.01,120.4
145.79,145.23,144.51,138.55,143.67,143.55
145.83,144.4,150.13,26.07,143.33,121.95
145.72,146.4,149.36,142.02,143.66,145.43
146.47,146.21,145.29,140.33,143.33,144.33
145.78,146.27,148.48,27.31,142.77,122.12
145.29,146.75,148.47,23.15,143.35,121.4
147.55,146.87,148.46,-10.28,142.8,115.08
146.76,146.08,144.31,142.04,143.1,144.46
145.35,146.52,146.42,142.54,141.89,144.54
145.67,146.67,148.56,141.84,143.17,145.18
145.46,145.44,148.56,142.04,142.82,144.86
145.64,146.67,150.13,142.06,142.76,145.45
144.74,146.66,149.49,27.56,143.33,122.36
145.47,146.67,148.51,139.94,142.29,144.58
147.36,146.67,149.4,141.97,146.19,146.32
145.6,146.67,144.47,17.72,144.75,119.84
145.39,146.67,150.37,26.76,143.34,122.51
141.8,145.7,21.53,24.7,143.35,95.42
146.65,31.49,21.53,-10.38,143.35,66.53
142.43,147.38,145.4,-10.27,142.77,113.54
145.78,146.01,21.54,142.89,143.33,119.91
142.67,21.18,146.45,-10.32,142.51,88.5
142.91,18.4,146.53,144.26,144.99,119.42
141.71,20.45,148.13,-10.74,144,88.71
147.64,23.57,152.39,-10.17,143.98,91.48
141.69,19.62,152.55,141.8,143.99,119.93
142.71,-10.24,144.61,144.27,143.76,113.02
141.81,19.07,144.61,-10.29,142.66,87.57
141.78,140.99,144.61,-10.28,143.91,112.2
141.72,20.69,144.61,-10.51,144.39,88.18
141.68,21.69,144.61,-10.66,144.41,88.35
142.5,-10.28,144.61,142.88,141.78,112.3
24.8,21.61,144.15,140.99,143.9,95.09
141.8,21.68,143.71,-10.27,142.69,87.92
141.67,21.68,143.6,142.46,145.54,118.99
141.7,21.55,143.59,143.77,144.33,118.99
142.6,22.58,144.45,141.04,143.97,118.93
142.6,21.66,144.41,-10.3,143.84,88.44
140.82,21.73,151.32,143.41,144.5,120.36
139.7,21.67,144.91,141.26,142.91,118.09
141.76,147.08,150.34,142.83,144.51,145.3
142.7,20.71,148.31,142.94,143.43,119.62
141.77,145.6,146.13,138.23,144.39,143.22
142.76,22.61,144.67,139.78,144.18,118.8
142.78,21.53,144.67,140.95,141.54,118.29
140.56,22.63,142.48,146.32,143.24,119.05
141.84,147.27,143.44,143.8,142.34,143.74
141.79,147.39,144.53,143.86,143.33,144.18
141.75,146.49,20.95,140.94,144.97,119.02
141.65,146.7,21.79,139.9,142.32,118.47
142.7,30.32,22.75,142.02,142.75,96.11
142.65,27.33,20.83,142.98,142.33,95.22
142.65,144.76,148.67,145.19,143.34,144.92
142.65,147.69,16.7,138.96,142.3,117.66
142.65,146.33,147.49,141.32,144.69,144.5
141.83,146.43,147.48,140.54,142.34,143.72
141.86,146.35,148.67,139.78,143.34,144
141.85,147.35,147.45,139.34,144.36,144.07
142.69,31.21,148.64,146.23,141.27,122.01
141.75,145.91,144.5,138.46,145.01,143.13
143.01,146.24,148.64,144.34,144.01,145.25
143.75,146.37,145.34,143.44,144.84,144.75
145.76,145.21,142.41,15.57,143.47,118.48
144.85,147.38,149.89,141.99,143.55,145.53
19.36,148.65,149.27,138.16,144.7,120.03
19.36,144.36,150.19,142.71,143.68,120.06
24.16,25.93,150.04,143.65,144.32,97.62
143.92,25.93,150.24,142.94,143.57,121.32
141.9,25.93,144.76,-10.17,144.5,89.38
141.95,146.36,148.9,147.7,143.46,145.67
29.34,145.48,149.94,141.8,144.46,122.2
28.4,144.5,150.99,16.5,143.96,96.87
141.95,147.13,149.91,144.73,145.51,145.85
28.35,144.44,150.01,141.71,145,121.9
144.22,148.56,148.86,13.79,143.65,119.82
29.36,146.23,142.25,-10.26,145.5,90.62
145.23,144.55,145.17,18.47,144.48,119.58
144.59,144.57,144.17,142.57,144.98,144.18
26.43,146.31,150.28,142.95,145.59,122.31
31.98,144.55,145.25,19.24,145.18,97.24
26.46,144.54,142.19,142.73,143.46,119.88
141.68,146.49,143.47,143.27,141.42,143.27
142.47,146.29,142.78,141.46,143.91,143.38
31.04,146.31,150.17,139.27,143.91,122.14
142.12,146.24,144.01,19.09,144.6,119.21
16.54,143.48,149.49,19.14,143.17,94.36
16.5,148.02,150.13,19.17,143.26,95.42
29.03,144.15,150.13,24.87,143.95,98.43
30,32.47,148.04,138.87,142.33,98.34
20.94,144.37,17.64,145.12,143.32,94.28
21.95,145.56,150.41,141.38,144.29,120.72
25.09,146.34,150.32,12.51,144.3,95.71
21.41,19.13,146.36,-10.21,141.88,63.71
21.35,146.27,148.93,146.38,143.9,121.37
35.12,27.41,147.36,12.62,143.6,73.22
29.24,146.41,144.15,145.37,141.64,121.36
146.37,142.42,19.51,144.23,144.6,119.43
146.03,145.37,20.01,143.58,144.35,119.87
141.78,146.71,144.73,140.67,143.6,143.5
145.72,148.65,147.09,23.85,142.36,121.53
146.72,147.68,148.39,28.42,143.52,122.95
145.56,149.06,148.43,141.34,142.55,145.39
146.25,147.06,20.43,143,142.82,119.91
145.76,147.03,148.06,141.05,142.59,144.9
146.49,145.69,20,147.18,142.68,120.41
146.53,147.11,19.31,137.62,142.41,118.6
146.8,143.58,-10.13,143.82,142.53,113.32
20.71,147.09,143.48,143.74,142.53,119.51
146.63,146.18,20.09,144.92,144,120.36
144.64,146.85,140.56,143.75,143.74,143.91
144.76,149.3,139.65,139.97,142.77,143.29
144.6,148.25,140.56,146.9,143.56,144.77
145.54,148.82,142.28,141.69,141.46,143.96
145.45,148.98,140.68,141.7,144.1,144.18
144.77,148.92,144.79,141.94,142.82,144.65
144.63,148.35,141.62,138.75,145.39,143.75
145.31,22.61,145.72,138.36,143.82,119.16
145.7,149.52,142.32,140.37,142.51,144.08
145.62,143.82,144.76,140.56,143.55,143.66
21.45,143.65,141.65,138.79,143.63,117.83
146.38,148.52,145.78,143.93,142.55,145.43
145.63,146.65,140.68,144.91,143.5,144.27
147.84,147.63,144.69,146.74,144.36,146.25
147.84,147.44,140.49,145.6,143.51,144.98
144.85,147.21,147.66,144.62,144.36,145.74
145.65,147.83,140.55,144.62,144.34,144.6
146.09,149.22,140.68,144.67,143.83,144.9
146.2,145.76,20.14,145.38,144.36,120.37
145.75,149.35,144.88,141.77,144.35,145.22
144.86,20.55,146.44,141.69,143.55,119.42
144.69,145.79,143.57,141.62,142.76,143.69
145.91,146.94,141.81,140.78,142.61,143.61
145.66,147.68,147.65,140.54,142.59,144.82
144.58,145.77,145.39,139.82,143.58,143.83
146.03,143.73,144.3,140.76,143.5,143.66
145.71,144.46,143.97,141.63,26.8,120.51
148.21,19.56,143.73,139.79,142.8,118.82
147.09,19.56,142.55,140.76,144.34,118.86
147.18,19.56,140.65,138.86,145.4,118.33
144.28,19.54,144.2,143.47,142.74,118.85
19.93,19.56,141.43,140.9,142.87,92.94
141.3,145.46,146.08,20.76,144.42,119.6
146.03,21.44,21.56,141.71,18.85,69.92
144.53,21.5,22.17,141.31,144.34,94.77
145.44,21.36,20.64,140.64,143.26,94.27
148,21.5,20.56,143.84,143.41,95.46
146.99,21.5,20.56,141.7,142.81,94.71
144.87,21.5,19.58,144.53,143.14,94.72
145.35,21.36,21.62,143.74,142.57,94.93
146.81,21.5,22.17,143.93,27.14,72.31
146.49,21.5,20.37,145.82,144.33,95.7
146.87,21.48,147.52,144.93,20.41,96.24
145.68,21.48,25.01,145.81,-10.23,65.55
142.14,21.5,145.72,145.93,-10.27,89
143.51,21.5,146.01,146.82,18.44,95.26
21.59,21.5,147.22,142.06,-10.26,64.42
20.98,21.5,148.19,142.04,18.46,70.23
21.32,21.5,27.92,142.05,141.98,70.95
144.83,21.4,27.23,142.05,29.02,72.91
147.09,21.5,146.32,142.04,143.23,120.04
17.51,21.4,143.64,140.8,143.12,93.29
-10.24,21.5,28.49,141.85,143.28,64.98
21.6,21.5,148.33,140.79,143.27,95.1
17.43,21.48,145.87,141.84,141.24,93.57
17.58,21.48,146.24,140.8,17.59,68.74
21.56,21.49,19.01,141.83,27.54,46.29
-10.1,21.49,145.42,140.83,140.93,87.71
21.51,21.47,146.21,141.84,142.66,94.74
33.36,21.51,146.82,140.82,140.65,96.63
29.88,21.5,141.64,140.68,20.73,70.89
31.22,21.49,145.17,146.83,142.71,97.48
145.85,21.47,145.01,139.76,146.89,119.8
143.12,21.48,145.86,144.64,144,119.82
21.59,21.49,146.07,142.9,144.39,95.29
33.92,21.48,143.91,142.88,142.07,96.85
17.45,21.49,144.65,146.67,142.74,94.6
21.62,21.48,145.11,146.86,141.79,95.37
145.43,21.47,146.42,142.94,143.79,120.01
21.59,21.5,144.48,142.97,141.95,94.5
141.58,21.49,145.18,146.65,19.99,94.98
146.26,21.49,144.16,142.94,143.46,119.66
21.46,21.49,146.13,146.9,144.3,96.06
146.37,21.47,146.33,142.96,143.17,120.06
21.52,21.52,147.41,145.7,142.35,95.7
17.39,21.48,145.09,142.04,142.16,93.63
28.95,21.42,149.65,142.04,142.57,96.93
21.48,20.39,147.49,142.06,140.77,94.44
18.62,20.53,143.66,144.93,18.7,69.29
32.97,21.45,145.59,142.05,-10.2,66.37
21.58,21.45,145.19,142.04,28.8,71.81
17.34,21.44,150.13,144.96,140.24,94.82
29.61,21.47,21.34,140.99,142.09,71.1
-10.41,21.45,146.75,141.01,143.01,88.36
-10.28,21.39,148.75,142.05,145.44,89.47
-10.1,21.36,144.62,142.03,144.65,88.51
147.82,147.38,145.13,145.03,28.43,122.76
140.97,145.51,145.4,142.06,-10.28,112.73
21.59,145.28,145.62,142.06,28.54,96.62
-10.68,146.81,143.31,141.07,143.1,112.72
16.22,20.54,143.35,142.97,28.87,70.39
144.65,145.47,144.33,141.09,30.02,121.11
20.61,147.16,143.17,142.06,28.57,96.31
20.23,146.81,143.25,141.99,144.56,119.37
31.19,145.68,142.18,19.09,145.09,96.65
29.74,145.01,143.31,145.92,142.97,121.39
-10.26,145.01,143.84,146.02,144.14,113.75
29.26,145.01,142.18,142.03,144.27,120.55
143.45,144.96,142.18,142.04,143.07,143.14
29.07,145.01,142.32,142.04,142.55,120.2
-10.17,145,144.29,142.03,141.65,112.56
-10.28,145.87,143.16,142.97,142.29,112.8
146.9,21.44,143.32,142.05,140.49,118.84
-10.21,21.42,143.24,142.96,142.44,87.97
144,147.49,143.26,142.97,141.58,143.86
142.25,145.7,144.86,142.96,141.55,143.46
144.37,22.24,145.11,142,142.54,119.25
142.17,150.39,144.17,140.8,142.47,144
141.75,147.35,145.09,141.99,142.43,143.72
-10.14,25.01,144.06,144.15,141.11,88.84
145.93,23.22,143.7,144.9,141.79,119.91
-10.67,26.65,144.98,141.33,141.94,88.85
19.2,-10.66,144.95,143.48,139.86,87.37
143.97,129.9,143.18,144.65,142.8,140.9
145.18,5.85,144.39,141.64,142.89,115.99
143.82,12.16,143.06,141.67,142.6,116.66
29.5,23.11,144.14,141.57,139.74,95.61
141.67,25.52,144.38,145.42,143.43,120.08
144.06,141.97,145.17,142.9,142.19,143.26
144.5,16.56,144.09,19.17,142.6,93.38
143.25,16.73,145.22,142.17,142.41,117.96
30.87,27.1,145.16,143.91,140.51,97.51
31.42,143.51,143.83,141.57,140.96,120.26
143.97,27.05,143.06,146.5,142.23,120.56
142.99,144.03,145.38,141.69,141.42,143.1
143.78,142.7,145.07,141.65,141.89,143.02
142.97,140.96,144.29,141.6,141.43,142.25
143.88,141.83,144.11,141.46,142.22,142.7
143.97,142.5,144.07,141.66,141.56,142.75
17.27,140.92,143.53,141.58,142.61,117.18
143.92,141.72,143.32,146.6,145.27,144.17
142.91,141.99,143.34,141.51,142.64,142.48
18.58,142.39,144.25,140.75,142.35,117.66
30.67,141.51,145.37,141.18,143.68,120.48
143.95,141.12,144.13,140.76,141.79,142.35
35.4,144.99,143.17,141.73,140.66,121.19
147.73,141.12,144.17,143.62,141.74,143.68
142.98,141.09,145.28,148.77,142.5,144.12
30.69,140.77,145.28,142.62,141.72,120.22
30.57,141.91,145.28,141.64,140.67,120.01
143.92,141,145.32,146.05,142.46,143.75
143.85,139.43,18.18,141.27,141.61,116.87
17.12,141.07,145.42,142.65,142.37,117.73
143.95,142.67,148.27,146.72,142.5,144.82
22.14,141.68,147.7,140.76,141.47,118.75
30.66,144.91,145.79,138.51,142.64,120.5
143.95,143.85,151.02,143.85,142.42,145.02
143.97,143.93,143.98,140.59,26.53,119.8
143.94,145.67,143.27,141.62,28.32,120.56
143.97,143.08,144.47,146.56,143.38,144.29
22.72,142.1,144.72,146.6,26.4,96.51
143.91,142.62,143.72,141.76,141.61,142.72
143.97,142.98,143.81,143.83,141.44,143.21
143.92,142.78,148.29,143.36,142.25,144.12
30.65,144.41,146.3,148.11,141.53,122.2
143.92,143.74,20.16,142.34,143.46,118.72
19.58,142.86,20.19,142.92,142.48,93.61
30.68,144.98,20.27,146.55,142.47,96.99
142.98,144.1,143.78,143.78,141.74,143.28
144.03,144.32,143.69,146.91,142.47,144.28
142.95,144.31,19.92,141.77,142.79,118.35
30.67,142.74,19.4,147.6,141.45,96.37
143.83,140.6,20.62,146.63,143.57,119.05
142.08,141.7,141.54,147.67,140.7,142.74
141.73,140.04,141.53,146.83,142.36,142.5
142.21,145.75,140.82,143.6,20.73,118.62
31.47,141.5,145.74,144.01,20.75,96.69
30.62,142.08,145.81,144.97,27.27,98.15
34.58,141.94,145.81,19.55,143.41,97.06
147.85,142.59,143.67,142.46,143.91,144.1
147.87,141.93,143.68,143.78,143.61,144.17
147,142.06,144.44,143.46,143.56,144.1
145.69,140.2,143.66,146.31,142.33,143.64
147.79,143.63,145.47,143.51,26.68,121.42
34.34,142.09,146.71,140.32,142.51,121.19
146.58,142.06,20.64,141.76,142.49,118.71
15.43,140.21,19.27,147.89,143.48,93.26
19.88,141.94,146.77,147.32,142.34,119.65
145,21.27,145.68,149.45,142.45,120.77
143.35,142.21,148.74,149.46,144.28,145.61
142.93,141.97,144.49,147.55,143.38,144.06
143.84,142.04,142.51,142.41,143.48,142.86
143.98,141.97,142.41,142.39,142.72,142.69
29.5,140.19,141.45,139.75,142.35,118.65
145.79,142.19,20.93,140.79,142.61,118.46
141.61,141.29,143.51,146.49,142.1,143
29.16,142.87,140.61,142.04,142.49,119.43
28.31,142.41,142.52,141.87,142.52,119.53
142.89,142.29,141.57,143.35,145.49,143.12
145.72,144.27,142.41,142.5,143.33,143.65
145.33,143.23,142.66,142.27,142.57,143.21
25.1,140.21,141.47,142.35,142.61,118.35
143.46,142.84,142.15,142.05,143.54,142.81
142.72,142.61,142.84,149.2,142.53,143.98
141.87,144.87,141.58,143.45,142.34,142.82
145.66,143,141.66,142.48,141.62,142.88
29.18,143.02,140.83,143.2,142.52,119.75
142.24,143.86,142.8,144.41,143.54,143.37
144.34,141.49,140.86,146.24,142.44,143.07
145.71,143,140.5,147.46,144.64,144.26
145.51,144.68,144.3,147.54,144.77,145.36
145.38,142.95,19.05,146.49,145.45,119.86
141.27,143.11,20.06,141.52,141.75,117.54
143.9,143.02,141.42,141.45,143.55,142.67
144.78,142.73,142.31,22.88,143.58,119.26
144.65,141.06,141.71,142.33,142.52,142.45
141.58,145.88,148.74,142.48,142.49,144.23
30.36,141.94,146.72,142.47,143.47,120.99
142.59,143.03,147.73,141.42,144.29,143.81
27.61,27.31,147.75,142.48,145.48,98.13
144.83,144.19,147.73,143.48,142.62,144.57
143.14,141.97,146.63,142.54,142.59,143.37
141.94,26.77,146.64,139.48,26.61,96.29
144.68,28.94,148.53,144.33,141.61,121.62
146.8,143.8,144.63,147.09,143.51,145.17
145.75,143.13,146.37,147.04,142.78,145.01
145.74,143.11,18.46,147.81,142.79,119.58
145.75,141.75,18.46,148.09,143.45,119.5
145.73,142.91,23.53,148.11,143.2,120.7
144.2,144.19,23.93,142.5,142.53,119.47
144.19,142.61,147.48,144.48,143.47,144.45
145.44,142.9,145.82,143.46,143.6,144.24
144.56,142.6,29.79,144.52,142.61,120.82
147.07,143.67,26.93,147.29,28.22,98.64
145.18,142.77,145.8,143.03,144.22,144.2
145.71,143.65,141.52,142.85,143.95,143.54
146.82,142.79,141.14,143.51,144.14,143.68
146.36,142.66,140.95,143.1,144.96,143.61
146.24,143.84,141.98,143.36,142.45,143.57
146.61,142.82,141.98,142.44,142.59,143.29
146.48,144.72,140.96,143.27,21.65,119.42
145,143.85,141.41,143.29,141.76,143.06
144.21,143.24,139.16,144.34,140.76,142.34
145.46,142.52,144.97,142.4,138.47,142.76
144.57,144.55,139.94,142.35,144.59,143.2
144.55,143.86,27.56,147.31,143.63,121.38
145.69,143.13,144.05,147.17,144.64,144.94
144.92,142.65,144.4,148.09,143.67,144.75
20.94,140.24,144.31,148.03,143.49,119.4
146,143.05,144.22,146.21,144.52,144.8
142.39,144.79,145.33,140.49,140.63,142.73
147.25,143.81,142.88,147.62,145.66,145.44
144.24,143.85,143.45,148.5,143.79,144.77
146.09,142.25,143.36,147.58,142.44,144.34
144.6,143.76,19.14,147.54,144.92,119.99
143.64,144.7,142.34,145.82,145.65,144.43
144.83,141.29,142.85,148.49,143.94,144.28
20.48,144.52,144.74,146.5,143.4,119.93
146.38,143.87,145.29,147.49,145,145.61
146.37,143.82,144.31,142.73,144.71,144.39
146.3,140.15,145.15,146.86,144.72,144.64
145.28,143.76,142.51,146.86,143.35,144.35
32.91,144.7,142.39,148.28,144.57,122.57
31.37,143.84,141.94,145.09,143.71,121.19
146.32,140.19,142.13,146.48,142.78,143.58
144.92,142.81,143.1,146.63,141.7,143.83
145.28,141.55,141.98,147.49,143.78,144.02
30.79,142.29,141.65,146.6,143.68,121
-10.15,141.09,143.47,146.58,144.79,113.16
145.34,143.87,144.39,148.45,145,145.41
145.43,143.89,145.26,147.51,142.59,144.94
145.47,140.21,144.35,148.45,146,144.9
145.47,142.88,146.11,148.4,145.69,145.71
145.4,140.22,146.17,146.57,144.85,144.64
146.43,143.91,145.11,147.57,143.7,145.34
146.4,140.14,141.94,146.32,145.36,144.03
146.36,141.07,143.32,148.62,144.68,144.81
-10.25,144.23,143.98,148.59,144.75,114.26
146.72,140.23,143.78,148.6,142.75,144.42
145.95,140.9,144.85,148.59,146.02,145.26
147.4,141.06,29.97,148.57,145.67,122.53
145.55,140.14,142.03,148.57,146.32,144.52
146.48,141,145.35,148.59,144.83,145.25
143.06,140.18,144.95,148.55,142.71,143.89
145.87,140.14,143.36,148.61,144.97,144.59
19.73,140.21,145.25,147.75,145.65,119.72
143.64,140.12,144.83,148.57,144.64,144.36
148.16,140.21,144.25,149.36,143.65,145.13
146.84,141.89,144.33,148.52,145.66,145.45
146.82,140.2,145.03,147.28,145.65,145
145.92,143.67,143.89,149.35,29.87,122.54
146.16,140.98,145.26,147.24,144.4,144.81
146.13,140.2,144.35,150.38,143.72,144.96
147.23,141.11,145.26,148.13,146.04,145.55
145.87,141.04,144.34,148.43,145.67,145.07
146.45,140.21,142.45,150.35,143.73,144.64
19.73,143.86,145.17,149.43,28.42,97.32
-10.09,140.19,145.35,147.45,142.79,113.14
145.21,140.21,144.33,146.41,144.63,144.16
146.78,145.44,145.86,147.44,143.8,145.86
145.75,140.19,145.35,149.38,144.9,145.11
145.36,141.08,146.19,147.42,145.7,145.15
147.17,140.18,143.29,149.42,143.79,144.77
147.13,140.21,143.35,150.26,143.64,144.92
146.28,141.07,143.44,149.4,145.91,145.22
148.17,140.18,143.44,147.42,144.82,144.81
146.18,140.21,142.3,149.4,143.78,144.37
25.88,140.21,143.35,147.36,145.32,120.42
24.9,140.19,144.29,147.48,143.9,120.15
24.04,140.21,143.38,149.2,141.73,119.71
19.73,141.05,146.23,148.4,142.86,119.65
147.42,141.12,142.42,34.93,143.74,121.93
145.2,141.94,143.28,145.28,144.57,144.05
146.13,142.1,145.97,145.59,144,144.76
146.1,140.22,145.97,147.22,144.93,144.89
146.14,140.19,143.3,150.23,144.8,144.93
24.01,141.21,144.27,147.25,144.24,120.2
19.73,140.36,144.26,147.47,144.9,119.34
145.33,140.28,144.41,149.59,144.28,144.78
145.62,140.24,147.1,147.46,144.29,144.94
146.58,141.02,144.29,146.19,144.29,144.47
24.63,26.38,144.37,147.41,144.28,97.41
24.89,141.1,142.42,149.32,144.28,120.4
26,141.08,28.49,150.37,144.27,98.04
19.73,141.99,144.38,148.33,144.28,119.74
25.17,141.13,141.91,147.44,144.28,119.99
24.31,140.3,145.19,147.43,144.28,120.3
23.88,140.33,143.47,147.43,30.83,97.19
147.46,140.21,145.39,147.11,14.58,118.95
148.99,141.11,143.23,149.37,13.6,119.26
149.08,140.16,144.53,149.08,138.7,144.31
147.16,140.14,144.27,148.42,26.36,121.27
148.97,140.15,143.13,146.15,143.42,144.36
148.88,141.19,145.1,150.35,27.43,122.59
146.43,140.21,28.31,147.18,14.89,95.4
145.45,141.19,144.5,148.14,17.63,119.38
147.76,140.12,143.13,147.35,15.79,118.83
33.27,140.23,145.42,146.18,20.54,97.13
32.44,142.9,144.49,149.37,14.85,96.81
144.34,140.19,145.42,148.12,-10.23,113.57
145.48,140.29,144.5,144.52,-10.28,112.9
146.47,140.23,144.11,147.46,19.38,119.53
25.74,139.3,143.47,149.38,18.65,95.31
139.94,140.27,27.93,147.07,20.44,95.13
27.57,144.91,30.04,22.01,142.55,73.42
26.43,143.16,28.05,148.79,19.6,73.21
145.86,144.72,27.46,148.29,19.61,97.19
146.97,143.81,18.04,147.27,19.59,95.14
145.36,142.64,17.97,147.47,18.47,94.38
144.68,143.28,28.12,147.3,19.61,96.6
143.28,143.15,142.94,149.25,19.57,119.64
145.71,144.77,27.45,147.48,18.57,96.8
143.1,143.78,144.27,147.44,13.86,118.49
143.92,143.89,27.28,148.13,14.86,95.62
145.73,143.25,28.92,148.38,-10.25,91.21
25.01,147.04,29.97,147.44,28.03,75.5
143.97,143.8,28.78,146.29,-10.23,90.52
145.47,146.54,30.2,147.34,14.8,96.87
143.78,145.89,26.75,149.38,15.82,96.32
144.13,148.01,142.61,150.26,18.48,120.7
143.85,142.9,143.58,147.12,-10.29,113.43
25.54,143.68,142.65,147.48,141.39,120.15
143.66,141,142.21,147.12,16.53,118.1
143.7,142.78,27.58,148.38,15.6,95.61
144.52,141.98,-10.23,149.35,15.6,88.24
142.26,142.46,143.48,149.41,16.67,118.86
143.45,142.21,143.41,148.43,19.44,119.39
143.35,142.76,144.38,149.23,143.99,144.74
144.94,145.05,143.4,148.33,-10.28,114.29
21.24,141.85,143.41,148.37,19.55,94.88
21.24,141.06,144.38,148.32,20.59,95.12
145.69,143.8,145.19,148.02,13.68,119.28
144.46,142.88,143.41,148.47,15.68,118.98
148.33,141.78,144.37,150.21,16.64,120.27
144.99,142.77,144.24,146.28,-10.29,113.6
146.85,142.82,145.3,145.45,18.53,119.79
144.65,141.76,144.37,143.55,15.59,117.98
146.73,29.06,143.4,149.01,18.54,97.35
30,143.92,143.28,148.27,140.87,121.27
30.27,143.92,144.39,148.33,20.57,97.5
146.95,146.19,144.28,146.32,-10.22,114.7
31.04,142.25,29.03,22.01,20.61,48.99
143.97,144.05,27.24,17.01,-10.22,64.41
145.03,142.23,29.05,149.22,15.87,96.28
148.6,143.24,27,148.27,14.84,96.39
147.71,143.39,29.03,23.01,13.87,71.4
145.41,142.25,29.1,148.51,14.87,96.03
144.46,143.37,28.16,147.43,13.87,95.46
143.29,142.25,29.93,142.26,19.44,95.43
146.77,144.16,29.09,148.34,16.85,97.04
30.84,141.02,27.3,149.3,-10.28,67.64
31.79,144.22,143.27,148.24,20.6,97.62
30.82,143.38,143.38,149.24,20.55,97.47
143.74,142.18,144.37,148.03,20.58,119.78
144.04,142.74,143.52,150.32,19.78,120.08
146.73,144.26,142.1,147.49,19.61,120.04
33.2,144.26,141.66,147.41,18.78,97.06
146.99,143.34,29.67,146.57,14.83,96.28
144.49,142.31,142.84,147.5,15.83,118.59
144.8,144.26,30.93,147.4,14.83,96.44
28.22,28.2,30.17,147.42,20.6,50.92
30.99,143.13,142.14,148.38,20.6,97.05
31.14,142.94,27.76,148.31,19.62,73.95
32.38,143.39,27.95,148.44,20.58,74.55
28.44,142.22,29.38,147.23,19.8,73.41
35.15,143.34,28.55,148.43,20.58,75.21
33.21,142.17,30.76,148.44,16.83,74.28
143.86,143.05,27.17,150.12,18.6,96.56
32.31,142.82,24.27,149.27,14.85,72.7
32.57,143.84,141.68,147.94,15.83,96.37
30.89,144.27,145.93,150.14,14.83,97.21
31.97,142.73,142.8,149.39,16.82,96.74
31.2,148.42,28.32,148.46,20.61,75.4
32.72,146.47,29.25,148.32,20.61,75.47
32.13,143.83,141.6,148.41,19.61,97.12
29.9,143.26,143.45,146.53,143.65,121.36
35.19,143.81,142.93,149.17,20.59,98.34
33.85,140.89,143.54,148.42,143.59,122.06
30.85,140.86,143.62,147.52,19.57,96.48
31.95,142.07,143.6,150.25,144.23,122.42
30.81,143.01,143.44,147.46,144.73,121.89
146.3,142.87,141.84,146.53,143.47,144.2
34.61,142.2,142.69,149.29,21.13,97.98
146.25,144.76,141.56,148.43,139.37,144.07
34.27,142.95,145.39,149.34,18.38,98.07
145.27,142,145.23,146.45,17.35,119.26
145.93,141.28,19.1,149.33,19.77,95.08
31.36,142.94,143.36,148.42,20.73,97.36
31.01,142.05,139.15,147.44,21.06,96.14
32.28,142.95,144.29,147.15,20.92,97.52
145.67,142.01,138.85,147.27,140.4,142.84
146.46,142.91,140.73,146.45,143.13,143.94
146.51,27.96,145.11,145.85,141.32,121.35
148.11,142.8,147.18,147.47,137.17,144.55
149.45,140.81,146.4,145.23,139.27,144.23
147.87,145.66,144.91,145.27,140.5,144.84
20.01,141.93,146.24,147.46,139.39,119.01
148.33,142.79,28.12,146.09,139.49,120.96
21.01,142.78,143.94,149.37,15.55,94.53
31.32,142.86,146.08,144.62,143.72,121.72
33.78,142.27,26.17,147.49,138.96,97.73
146,143.09,-10.37,145.53,139.44,112.74
146.74,142.86,30.98,146.36,138.95,121.18
147.5,143.72,31.28,146.25,139.15,121.58
145.91,142.86,147.59,146.24,137.23,143.97
143.3,143.71,139.14,147.34,140.49,142.8
145.44,142.99,144.37,149.31,139.32,144.29
147.88,142.85,143.05,149.45,23.01,121.25
147.26,142.86,143.91,146.46,141.72,144.44
146.45,142.99,143.91,145.43,13.71,118.5
146.51,140.86,144.04,149.4,143.6,144.88
146.3,141.98,143.88,147.46,137.98,143.52
146.47,142.08,144.04,148.23,139.43,144.05
145.73,142.95,143.89,149.35,144.48,145.28
146.47,142.95,142.21,148.18,13.72,118.71
146.76,142.95,140.19,151.23,143.85,145
145.64,144.06,141.6,151.22,143.83,145.27
146.31,141.14,141.41,151.24,144.57,144.93
146.6,142.02,27.37,149.28,145.41,122.14
144.55,142.03,143.27,149.32,144.89,144.81
146.03,142.93,140.37,149.21,28.71,121.45
146.81,141.91,145.54,149.28,27.07,122.12
147.67,142.15,144.68,149.23,30.69,122.88
148.9,142.7,142.44,149.24,144.09,145.47
146.19,143.77,141.48,149.28,17.85,119.71
147.49,144.48,143.83,149.25,148.14,146.64
22.03,142.78,142.1,149.31,146.01,120.45
20.85,147.13,143.08,149.2,143.49,120.75
145.85,143.8,143.09,149.27,145.47,145.5
144.69,142.29,144.12,149.33,29.23,121.93
147.45,142.77,143.05,149.18,-10.3,114.43
146.3,143.36,142.72,149.25,-10.3,114.27
145.51,143.88,139.91,149.2,143.12,144.32
145.85,143.84,141.99,149.27,142.67,144.72
144.8,143.85,146.73,149.31,141.79,145.3
148,143.85,142.4,149.18,143.93,145.47
145.28,145.59,142.61,149.24,144.78,145.5
146.66,142.24,141.5,149.27,141.91,144.32
146.15,143.64,145.23,151.35,143.12,145.9
22.01,143.04,141.41,149.29,139.21,118.99
145.61,143.08,142.53,149.3,143.01,144.71
20.01,141.92,147.41,149.28,144.49,120.62
146.67,141.88,141.59,149.27,142.72,144.43
146.68,141.03,145.12,149.23,143.79,145.17
146.98,141.92,144.42,149.3,140.98,144.72
146.63,140.09,139.97,149.25,141.56,143.5
146.35,140.16,140.18,149.44,143.74,143.97
147.69,141.66,143.85,149.31,-11.06,114.29
145.49,141.02,143.51,148.37,141.3,143.94
146.59,141.82,144.6,149.32,142.71,145.01
147.15,141.91,141.63,151.27,145.55,145.5
148.07,143.05,142.58,148.35,-10.68,114.27
145.61,143.08,27.68,150.32,-10.69,91.2
146.36,143.74,26.65,151.29,139.78,121.56
145.32,143.83,141.36,149.25,146.22,145.2
146.57,144.01,142.31,150.4,20.82,120.82
148,143.26,25.3,150.39,142.19,121.83
148.16,143.85,28.82,150.34,143.77,122.99
145.68,144.55,145.61,151.23,143.3,146.07
147.17,141.18,140.35,150.38,142.07,144.23
145.5,143.11,140.38,151.26,141.16,144.28
144.86,142.97,140.08,150.32,143.48,144.34
146.42,143.24,139.47,150.22,141.98,144.27
145.47,143.25,141.39,149.33,143.42,144.57
145.48,144.04,139.45,149.26,142.86,144.22
146.41,142.88,27.11,149.31,142.31,121.6
146.51,143.24,143.15,150.29,139.87,144.61
146.44,143.2,140.08,150.21,144.48,144.88
147.34,142.89,138.49,149.4,144.51,144.53
146.53,141.95,140.45,146.51,142.36,143.56
148.08,140.32,143.24,150.38,146.34,145.67
148.13,143.88,139.39,150.39,143.09,144.98
146.74,143.85,139.41,149.3,142.97,144.45
147.41,143.22,145.26,150.34,141.98,145.64
148.29,144.01,141.23,151.19,142.39,145.42
146.73,142.02,143.03,151.25,143.44,145.29
147.28,141.08,144.12,151.27,146.37,146.02
148.13,143.24,139.46,151.24,143.42,145.1
147.33,143.82,144.28,149.46,144.44,145.87
146.4,143.93,143.08,151.26,145.01,145.94
146.48,143.14,141.36,151.32,144.9,145.44
149.47,142.19,142.33,151.28,144.32,145.92
149.13,142.65,139.45,149.32,145.46,145.2
147.32,141.03,144.98,151.23,143.58,145.63
148.26,140.93,141.15,151.27,144.84,145.29
147.58,141.03,142.35,150.41,146.38,145.55
145.6,139.08,141.4,150.26,144.69,144.21
145.44,142.31,141.33,151.31,146.97,145.47
145.47,143.04,141.12,151.35,146.06,145.41
144.53,141.02,141.8,151.35,142.4,144.22
148.06,140.33,141.98,151.27,146.53,145.63
146.92,141.15,145.35,149.36,143.19,145.19
146.34,140.33,144.34,149.3,142.19,144.5
146.88,141.03,141.38,151.34,143.71,144.87
144,143.88,139.47,149.4,142.3,143.81
145.02,143.77,141.24,149.34,142.67,144.41
145.39,144.76,145.39,150.3,144.28,146.02
145.92,143.13,145.39,149.27,143.2,145.38
145.32,143.8,145.38,145.5,27.42,121.48
147.69,143.82,144.47,151.33,143.44,146.15
145.15,142.97,142.18,146.47,142.42,143.84
146.02,142.94,144.4,150.39,25.13,121.78
145.05,144.72,141.41,149.37,142.98,144.71
144.25,143,141.37,151.36,143.88,144.77
144.25,140.96,144.3,150.24,144.97,144.94
144.23,141.06,140.18,149.34,144.47,143.86
146.26,143.8,144.28,150.48,143.35,145.63
145.17,26.27,141.21,149.35,144.31,121.26
146.28,144.74,141.4,149.27,144.36,145.21
146.97,143.83,142.34,151.39,144.54,145.81
146.94,143.9,142.53,151.31,144.52,145.84
146.67,142.86,142.2,149.35,144.37,145.09
147.11,143.83,142.14,150.07,145.44,145.72
147.08,144.68,141.38,149.26,145.87,145.65
147.11,143.87,141.38,149.28,146.08,145.54
147.11,143.81,141.22,146.52,143.63,144.46
147.11,142.84,141.21,150.37,146.96,145.7
146.52,141.34,141.38,149.31,144.13,144.54
147.6,143.89,141.38,149.34,143.31,145.1
147.11,143.88,141.22,149.27,143.2,144.94
147.43,143.84,141.21,151.3,146.15,145.99
149.46,142.74,141.38,143.44,146.27,144.66
146.56,142.86,141.4,150.28,145.36,145.29
147.14,142.76,141.27,149.39,145.38,145.19
146.19,143.74,141.25,149.29,146.28,145.35
147.08,143.83,141.4,149.41,142.59,144.86
146.5,27.06,141.42,149.37,146.23,122.12
147.25,143.86,141.23,149.32,146.31,145.59
146.51,143.27,142.37,149.37,146.32,145.57
146.5,142.18,142.42,149.35,144.41,144.97
148.05,143.79,141.23,149.38,144.89,145.47
146.14,142.18,141.4,144.52,143.05,143.46
146.46,141.94,141.4,150.29,146.17,145.25
146.31,141.9,141.21,150.39,147.1,145.38
146.98,142.86,141.2,150.4,144.32,145.15
147.37,141.75,141.38,149.31,144.98,144.96
147.19,142.94,141.4,150.4,143.6,145.11
146.15,142.55,142.37,142.66,143.45,143.44
147.02,143.77,141.26,143.5,146.12,144.33
146.51,143.77,141.23,150.37,20.08,120.39
148.48,143.92,141.37,151.32,144.29,145.88
147.54,143.16,142.44,150.34,20.08,120.71
146.45,143.16,141.28,150.35,145.41,145.33
147.39,143.84,21.18,150.37,20.08,96.57
146.43,141.29,18.14,150.35,142.62,119.77
146.44,140.97,20.41,150.29,20.08,95.64
147.36,143.59,20.4,150.35,142.61,120.86
145.59,140.96,20.41,150.31,20.08,95.47
146.26,143.06,17.32,150.39,142.68,119.94
147.06,143.68,142.41,150.4,20.08,120.73
144,142.9,139.6,150.32,144.65,144.29
146.47,143.73,139.72,151.31,20.08,120.26
146.57,140.81,24.71,147.44,143.68,120.64
146.44,143.25,24.65,149.38,20.08,96.76
146.47,142.42,25.69,149.4,142.87,121.37
146.18,142.13,145.16,149.41,20.08,120.59
147.19,142.08,26.45,149.37,144.88,121.99
147.33,140.86,26.81,150.28,20.08,97.07
147.39,142.64,142.65,149.38,144.86,145.38
146.74,142.29,143.59,146.2,20.08,119.78
147.21,141.82,144.29,151.21,142.59,145.42
145.72,143.71,27.48,151.23,20.08,97.64
147.23,144.91,143.6,150.42,146.09,146.45
147.45,140.02,145.29,151.21,20.08,120.81
146.71,141.27,144.24,151.24,142.87,145.27
147.46,142.98,142.49,151.18,20.08,120.84
147.41,143.17,142.16,151.2,145.37,145.86
147.45,142.11,141.76,151.24,20.08,120.53
147.49,140.23,141.75,151.17,20.08,120.14
146.54,142.95,144.45,151.25,143.85,145.81
147.28,142.23,141.77,151.2,140.67,144.63
146.5,142.22,141.76,151.24,140.66,144.48
147.35,142.13,143.68,151.25,140.76,145.03
146.66,143.23,142.77,151.2,140.7,144.91
146.52,143.2,146.53,151.19,16.37,120.76
147.35,143,145.42,151.27,145.37,146.48
146.6,141.71,144.57,151.24,20.14,120.85
147.36,142.19,143.77,151.28,143.73,145.67
146.45,143.2,25.79,151.15,20.14,97.35
149.35,140.15,143.35,151.2,143.63,145.54
148.41,141.1,142.33,151.16,20.14,120.63
149.27,143.79,145.6,151.25,19.93,121.97
147.45,142.01,144.78,151.19,141.75,145.44
146.44,141.89,145.53,151.23,143.74,145.77
147.4,142.97,144.61,151.2,142.82,145.8
146.46,143.21,146.61,151.23,143.83,146.27
146.52,142.84,143.77,151.25,138.72,144.62
147.36,142.85,143.81,151.15,139.8,144.99
147.38,142.1,146.56,151.24,143.37,146.13
146.44,142.97,144.56,151.21,143.14,145.66
146.44,143.22,145.5,151.26,141.78,145.64
147.35,142.97,144.66,151.21,141.78,145.59
147.3,142.09,146.54,151.21,141.78,145.78
145.11,142,144.66,151.24,140.78,144.76
146.41,142.74,144.71,151.18,141.81,145.37
146.6,142.93,144.68,151.15,140.84,145.24
147.85,138.21,144.55,151.25,141.74,144.72
146.42,141.83,144.71,151.21,141.77,145.19
146.82,139.01,145.57,151.25,139.9,144.51
147.71,140.21,145.85,151.17,141.77,145.34
147.69,138.14,141.74,151.25,142.4,144.24
147.32,140.25,141.87,151.13,141.77,144.47
145.73,140.8,145.77,151.27,141.8,145.07
146.46,138.22,141.83,151.16,141.8,143.89
147.79,141.92,140.73,151.27,140.89,144.52
147.66,143.82,145.55,151.21,140.75,145.8
146.32,143.83,146.54,151.27,141.76,145.94
146.46,140.91,145.68,151.25,141.77,145.21
147.75,142.95,145.5,151.25,141.79,145.85
147.36,138.26,146.59,151.24,141.74,145.04
147.24,141.82,145.36,151.2,143.73,145.87
146.99,142.97,145.59,151.24,142.66,145.89
147.11,142.88,145.59,151.24,142.76,145.92
148.25,143.13,145.59,151.2,142.67,146.17
147.08,142.85,145.55,151.13,144.53,146.23
147.12,144.13,147.6,151.26,143.13,146.65
148.27,142.9,146.69,151.18,143.13,146.43
146.37,140.95,146.41,151.19,142.17,145.42
147.1,141.95,146.54,151.24,142.83,145.93
148.25,141.86,145.61,151.17,143.67,146.11
147.04,140.26,146.42,151.23,143.59,145.71
147.12,142.8,142.55,151.25,142.84,145.31
148.46,142.1,144.73,151.27,143.82,146.08
147.26,143.85,146.54,151.22,143.78,146.53
147.23,143.13,145.43,151.22,144.76,146.35
147.25,143,143.48,151.22,142.76,145.54
21.02,141.91,145.4,151.26,143.85,120.69
21.07,141.9,145.8,151.18,140.72,120.13
147.14,142.85,140.54,151.13,142.9,144.91
148.39,140.23,144.62,151.21,144.89,145.87
145.98,143.09,145.85,151.24,145.7,146.37
146.02,142.06,141.7,151.26,143.97,145
146.93,142.23,149.4,151.22,141.75,146.31
20.99,143.11,144.62,151.25,145.6,121.11
147.22,143.15,142.72,151.15,144.8,145.81
146.93,143.04,142.17,151.2,142.33,145.13
146.91,142.93,141.95,151.25,144.69,145.55
146.91,142.06,144.51,151.27,142.33,145.42
146.95,142.12,141.89,151.15,141.83,144.79
146.93,140.27,145.64,151.2,145.5,145.91
147.97,140.91,143.66,151.18,142.43,145.23
146.93,144.85,144.73,151.19,144.73,146.49
146.93,141.91,142.77,151.18,144.64,145.49
148.96,142.84,141.79,151.17,145.6,146.07
148.96,143.05,20.79,151.22,144.75,121.75
145.98,140.23,140.64,151.24,143.36,144.29
148.98,140.25,25.43,151.14,144.75,122.11
145.96,140.25,140.9,151.25,141.2,143.91
145.91,142.84,141.72,151.19,143.77,145.09
148.87,144.89,141.14,151.24,142.19,145.67
146.98,143.14,144.66,151.21,142.39,145.68
148.04,143.15,142.56,151.24,144.39,145.88
147.98,143.95,141.63,151.2,141.4,145.23
148.4,140.08,141.83,151.25,145.61,145.43
147.45,142.96,141.8,151.26,144.51,145.6
148.95,143.95,142.49,151.17,145.13,146.34
148.98,142.28,140.88,151.25,144.7,145.62
147.52,142.32,144.1,151.2,144.35,145.9
149.09,142.84,142.15,151.2,141.4,145.34
149.2,141.05,144.21,151.22,142.35,145.61
146.5,142.96,142.37,151.25,145.68,145.75
149,141.22,142.82,151.27,144.67,145.8
149.05,141.19,142.72,151.2,142.23,145.28
148.19,141.15,145.31,151.17,146.57,146.48
148.06,141.01,144.7,151.22,143.22,145.64
148.87,141.05,146.28,151.25,144.64,146.42
148.09,144.94,143.19,151.21,144.26,146.34
148.82,143.02,147.14,151.17,144.33,146.9
149.05,140.19,144.95,151.25,145.6,146.21
149.05,140.19,140.87,151.23,146.01,145.47
148,140.26,143.67,151.13,141.94,145
148.71,142.85,142.45,151.18,145.23,146.08
148.75,140.19,143.26,151.24,143.22,145.33
149.05,142.06,143.21,151.17,-10.28,115.04
149.07,143.07,145.8,151.26,143.7,146.58
148.02,141.19,140.58,151.17,143.75,144.94
148.73,141.22,141.14,151.21,144.99,145.46
148.71,143.2,146.19,151.19,137.85,145.43
148.71,142.57,147.93,151.26,30.4,124.17
148.75,143.87,140.81,151.21,25.83,122.09
148.02,142.97,144.68,151.25,30.41,123.47
148.75,142.02,140.68,151.15,140.67,144.65
146.79,142.85,147.06,151.25,30.37,123.66
147.96,142.96,146.01,151.25,141.94,146.02
147.93,141.84,146.19,151.19,143.76,146.18
147.44,141.1,142.64,151.22,144.33,145.35
146.42,141.96,145.35,151.25,144.41,145.88
146.6,141.1,140.21,151.25,145.24,144.88
148.8,142.89,143.7,151.24,141.26,145.58
147.69,142.86,142.35,151.18,143.57,145.53
147.1,141.79,140.94,151.21,145.48,145.3
147.97,142.21,141.1,151.21,15.04,119.51
147.9,141.15,146.19,151.27,144.62,146.23
147.94,143,143.88,151.17,15.59,120.32
148.56,141.64,22.48,151.2,137.84,120.34
146.99,143.88,140.82,151.25,14.5,119.49
147.61,142.97,19.37,151.24,143.36,120.91
147.61,141.96,21.1,151.23,141.4,120.66
146.7,145.64,141.69,151.13,142.09,145.45
147.61,144.92,143.51,151.17,142.16,145.87
145.99,143.82,143.69,151.2,141.58,145.26
146.73,142.66,22.4,151.24,138.59,120.32
146.7,142.65,145.65,151.26,142.03,145.66
146.7,142.22,139.9,151.22,142.45,144.5
147.61,143.82,141.48,151.23,142.14,145.26
146.02,142.95,141.84,151.21,142.19,144.84
147.61,145.02,141.78,151.21,141.67,145.46
147.71,144.71,141.8,151.26,141.36,145.37
147.71,145.02,142.62,151.22,140.44,145.4
146.8,144.02,144.54,151.15,140.14,145.33
147,144.72,144.67,151.25,141.05,145.74
147.68,144.99,21.43,151.18,142.16,121.49
146.73,142.88,22.45,151.28,143.12,121.29
146.7,143.21,21.36,151.2,142.06,120.91
31.78,31.51,22.42,151.21,143.06,76
29.16,147.28,143.67,151.17,141.23,122.5
149.16,147.23,142.56,151.17,141.29,146.28
146.72,149.19,144.16,151.26,141.3,146.53
146.68,145.06,20.43,151.23,141.18,120.92
148.21,146.17,142.75,151.24,141.33,145.94
147.28,146.17,141.49,151.26,141.18,145.48
146.94,146.17,146.57,151.15,141.32,146.43
147.18,146.17,21.46,151.17,141.75,121.55
147.29,146.17,140.25,151.22,141.64,145.31
146.69,146.17,141.29,151.25,141.63,145.41
147.28,146.17,144.49,151.26,139.74,145.79
147.3,146.15,146.58,151.25,143.52,146.96
33.31,146.17,142.64,151.23,142.65,123.2
146.67,145.07,144.76,151.25,138.63,145.28
148.2,145.08,143.76,151.23,142.77,146.21
147.37,146.12,143.75,151.26,141.77,146.05
146.23,145.07,142.79,151.26,143.01,145.67
148.2,144.64,143.68,151.21,144.91,146.53
146.84,145.11,140.22,151.18,145.76,145.82
148.22,145.07,142.72,151.25,144.79,146.41
148.27,145.08,142.73,151.21,143.53,146.16
24.04,145.08,19.43,151.25,143.39,96.64
146.4,145.08,142.55,151.15,144.9,146.02
143.79,145.08,141.53,151.26,141.82,144.7
144.89,145.08,141.77,151.2,144.47,145.48
147.69,145.08,142.89,151.25,142.72,145.93
146.74,145.08,142.33,151.22,145.29,146.13
146.68,145.08,142.59,151.25,142.71,145.66
145.57,145.08,144.86,151.25,144.54,146.26
148.65,140.22,145.49,151.23,145.47,146.21
21.63,144.09,143.88,151.21,141.23,120.41
146.7,145.07,143.83,151.21,142.82,145.93
21.93,145.08,143.89,151.25,143.59,121.15
21.85,145.08,143.88,151.27,143.57,121.13
21.86,145.08,145.65,151.18,143.3,121.41
22.03,145.08,143.88,151.17,142.24,120.88
20.82,145.08,145.8,151.2,140.19,120.62
21.98,145.08,142.23,151.26,141.59,120.43
21,145.08,142.48,151.17,145.86,121.12
21.85,145.08,145.42,151.25,143.53,121.43
20.11,145.08,142.55,151.24,141.34,120.06
143.7,145.08,141.86,151.26,144.72,145.32
143.2,145.11,141.92,151.2,141.4,144.57
143.39,145.11,141.91,151.25,144.19,145.17
142.72,145.11,142.82,151.25,143.92,145.16
142.56,145.75,145.72,151.24,144.37,145.93
143.84,143.08,19.27,151.18,141.37,119.75
142.8,145.41,141.01,151.2,141.87,144.46
144.63,145.2,143.01,151.26,140.34,144.89
141.86,145.4,142.49,151.19,141.71,144.53
142.89,140.91,142.35,151.19,143.74,144.22
146.28,143.5,144.87,151.18,18,120.77
145.12,144.69,19.56,151.25,141.71,120.47
144.59,144.55,141.53,151.23,141.1,144.6
146.1,144.27,141.52,151.25,142.72,145.17
144.68,142.14,142.58,151.17,26.15,121.34
142.71,147.67,20.41,151.25,141.76,120.76
147.29,139.67,21.43,151.24,25.86,97.1
145.02,145.3,145.53,151.26,141.79,145.78
142.64,142.9,144.44,151.21,25.94,121.43
144.65,145.54,144.5,151.26,140.8,145.35
144.38,143.81,145.4,151.24,139.43,144.85
140.16,145.97,145.41,151.2,139.45,144.44
144.5,142.97,145.46,151.26,142.73,145.38
144.08,142.99,145.47,151.19,27.35,122.22
141.21,145.97,29.5,151.18,140.98,121.77
143.57,142.99,145.34,151.17,141.94,145
144.18,146.03,144.45,151.21,25.08,122.19
144.65,146.84,28.58,151.27,142.12,122.69
144.38,146.05,144.42,151.23,143.23,145.86
143.4,144.82,141.15,151.19,142.39,144.59
142.77,144.97,146.14,151.25,141.53,145.33
145.3,146,20.73,151.26,141.99,121.06
147.08,143.1,20.73,151.2,141.96,120.81
140.6,144.81,138.28,151.22,141.99,143.38
141.63,141.88,141.36,151.25,141.5,143.52
143.61,144.74,19.3,151.22,141.43,120.06
141.65,146.85,-10.26,151.24,141.52,114.2
142.57,147.22,144.41,151.26,141.35,145.36
142.6,146.85,29.36,151.18,143.66,122.73
143.53,146.27,143.56,151.25,142.14,145.35
31.74,144.74,145.97,151.19,141.47,123.02
143.8,147.64,145.57,151.27,27.49,123.15
144.71,146.85,145.98,151.28,144.95,146.75
142.62,146.85,146.03,151.26,144.75,146.3
143.74,146.31,146.02,151.25,143.92,146.25
143.69,146.85,145.32,151.26,144.99,146.42
143.67,149.56,145.42,151.22,144,146.77
143.61,150.25,148.1,151.2,143.31,147.29
144.49,147.99,144.48,151.25,144.98,146.64
144.61,145.77,146.33,151.26,143.92,146.38
145.52,145.72,146.09,151.23,144,146.51
144.64,145.7,144.92,151.19,142.68,145.83
144.62,146.49,147.22,151.21,143.97,146.7
145.6,145.71,144.88,151.18,145.68,146.61
146.41,146.53,145.22,151.27,144.01,146.69
143.54,141.82,146.11,151.13,144.01,145.32
143.62,146.56,147.4,151.25,144.01,146.57
146.45,149.47,146.16,151.25,143.98,147.46
146.38,147.9,145.27,151.22,144.01,146.96
145.03,149.12,144.76,151.24,144.01,146.83
144.49,148.12,-10.3,151.26,144.01,115.52
146.91,149.48,29.89,151.21,144.01,124.3
144.57,146.41,143.84,151.24,144.01,146.01
143.63,18.49,-10.29,151.26,144.92,89.6
144.57,18.6,-10.28,151.23,144.9,89.8
142.56,146.39,145.06,151.2,143.98,145.84
143.77,145.44,-10.19,151.26,143.05,114.67
144.77,147.12,143.8,151.19,145,146.38
145.74,148.04,141.32,151.27,144.99,146.27
143.69,148.06,143.99,151.27,143.98,146.2
142.44,148.58,-10.28,151.23,143.92,115.18
143.72,147.42,28.17,151.24,144.01,122.91
23.8,148.1,28.99,151.24,143.95,99.22
143.75,148.35,145,151.22,144.89,146.64
143.25,147.99,27.43,151.28,143.95,122.78
144.56,148.22,32.01,151.26,144.92,124.19
148.15,147.19,30.62,151.24,143.88,124.22
-10.3,147.94,31.78,151.17,143.96,92.91
143.32,149.67,141.47,151.26,144.78,146.1
-10.3,149.96,25.23,151.21,144.69,92.16
142.38,-10.24,141.01,151.22,144.69,113.81
-10.3,146.86,24.49,151.25,144.97,91.45
25,147.39,26.28,151.21,143.94,98.76
-10.28,148.69,-10.13,151.15,143.95,84.68
143.05,147.3,-10.28,151.23,144.89,115.24
29.62,143.66,29.11,151.26,143.96,99.52
143.71,-10.28,139.47,151.26,143.98,113.63
28.8,149.34,140.86,151.25,143.94,122.84
143.7,-10.28,140.35,151.26,144.01,113.81
143.78,147.11,-10.13,151.24,143.95,115.19
17.01,147.14,141.5,151.2,145.81,120.53
144.96,147.05,139.2,151.17,143.95,145.27
143.18,146.16,139.32,151.25,143.95,144.77
141.6,145.99,143.3,151.27,143.95,145.22
27.22,145.65,-10.29,151.25,143.95,91.56
138.42,145.18,26.91,151.22,143.95,121.14
18.01,145.74,141.21,151.24,143.95,120.03
142.51,145.09,143.37,151.26,144,145.25
142.51,145.98,141.3,151.17,144.81,145.15
141.07,146.1,140.92,151.25,144.92,144.85
-10.09,146.11,-10.19,151.25,144.91,84.4
17.01,144.98,21.38,151.25,144.97,95.92
28.78,145.08,140.4,151.26,144.99,122.1
142.75,147.87,21.38,151.25,144,121.45
142.85,145.96,28.19,151.22,143.93,122.43
27.02,146.13,16.96,151.21,144.88,97.24
143.91,145.88,19.75,151.26,144.04,120.97
20.01,147.87,31.15,151.27,144.01,98.86
143.63,147,144.18,151.23,143.89,145.99
20.92,145.88,-10.28,151.24,143.04,90.16
144.69,146.95,28.48,151.2,143.02,122.87
141.12,145.01,-10.22,151.25,144.92,114.42
145.83,141.76,29.12,151.26,143.97,122.39
143.93,147.07,147.76,151.24,142.01,146.4
145.76,147.02,19.25,151.19,144.79,121.6
144.86,148.93,146.17,151.18,144.73,147.17
20.06,148.86,-10.3,151.27,144.78,90.93
145.13,146.84,140.91,151.22,145,145.82
145.03,148.03,18.01,151.16,145,121.45
142.96,146.05,19.92,151.27,144.03,120.85
145.89,145.97,145.03,151.26,143.88,146.41
143.85,146.77,19.26,151.23,144.88,121.2
31.71,145.05,-10.42,151.22,144.04,92.32
142.94,148.84,138.78,151.26,144.94,145.35
145.81,145.89,140.62,151.28,144.85,145.69
-10.28,142.9,141.42,151.24,144.91,114.04
29.65,148.97,145.29,151.24,144.83,124
30.05,147.15,145.47,151.27,145,123.79
143.98,148.07,145.43,151.18,144,146.53
144.88,147,24.09,151.19,145,122.43
145.46,142.95,144.6,151.27,144.03,145.66
146.91,141.94,142.8,151.26,144.03,145.39
144.75,148.11,143.42,151.26,143.95,146.3
145,146.98,143.65,151.19,144,146.16
144,148.13,144.27,151.23,143.99,146.32
142.62,149.77,145.45,151.25,143.86,146.59
146.04,150.65,143.7,151.24,143.05,146.94
143.07,149.08,146.21,151.26,144,146.72
145.13,147.76,20.64,151.24,143.91,121.74
144.23,148.82,19.18,151.18,145.65,121.81
143.35,147.11,15.75,151.18,144.07,120.29
141.65,146.98,13.12,151.24,144.9,119.58
143.26,147.03,18.19,151.2,144.92,120.92
142.33,146.98,142.33,151.25,144.92,145.56
142.39,146.98,139.24,151.23,144.02,144.77
145.28,147.03,18.42,151.19,144.03,121.19
144.21,149.82,138.29,151.25,143.86,145.49
145.74,149.82,138.27,151.24,145.74,146.16
145.36,149.82,15,151.27,141.98,120.69
142.76,150.7,142.65,151.26,143.68,146.21
143.88,149.81,13.91,151.23,143.83,120.53
143.58,148.93,20.01,151.22,143.74,121.5
-10.3,148.93,19,151.25,144.83,90.74
144.32,148.93,139.4,151.18,144.81,145.73
142.47,148.93,143.27,151.22,143.85,145.95
142.97,148.93,20.01,151.25,144.01,121.43
141.32,148.93,142.49,151.21,142.78,145.35
143.34,148.93,140.03,151.27,142.54,145.22
144.81,148.93,22,151.24,143.4,122.08
144.58,148.93,143.76,151.28,140.45,145.8
143.66,149.82,144.45,151.24,137.63,145.36
142.12,148.92,141.38,151.26,139.21,144.58
143.02,150.68,141.53,151.19,140.04,145.29
142.46,149.82,141.55,151.24,140.8,145.17
144.47,148.81,143.18,151.22,141.87,145.91
142.65,149.72,142.13,151.21,139.81,145.1
142.4,148.92,142.94,151.22,138.83,144.86
143.35,149.84,140.14,151.26,138.83,144.68
144.55,146.97,142.08,151.2,138.82,144.72
26.96,148.94,143.89,151.19,138.92,121.98
145.33,150.01,139.09,151.28,138.96,144.93
139.68,150.66,142.7,151.24,138.8,144.62
144.01,150.69,22.17,151.24,138.88,121.4
144.22,148,140.55,151.26,139.56,144.72
143.22,148.88,21.96,151.2,138.96,120.84
141.39,148.88,140.1,151.24,138.96,144.11
143.99,148.88,143.88,151.19,138.73,145.33
142.62,148.8,141.48,151.17,138.87,144.59
144.22,149.91,142.68,151.22,139.59,145.52
142.78,148.8,142.45,151.26,138.87,144.83
143.07,148.8,139.76,151.25,139.75,144.53
27.96,148.86,139.81,151.24,138.96,121.37
142.16,148.84,139.91,151.27,139.86,144.41
142.35,149.72,141.91,151.23,139.86,145.01
142.36,149.91,140.98,151.26,138.96,144.69
143.32,149.72,140.17,151.26,140.8,145.05
31.05,148.88,139.69,151.2,141,122.36
144.62,149.74,143.4,151.24,138.95,145.59
145.11,148.8,141.01,151.18,141.05,145.43
25.01,149.77,142.58,151.17,139.86,121.68
16.8,148.92,139.98,151.26,140.07,119.41
142.8,150.68,139.74,151.26,141.02,145.1
140.95,148.76,139.99,151.25,140.1,144.21
141.71,150.67,141.77,151.22,140.98,145.27
144.75,149,141.87,151.26,140.96,145.57
146.07,149.81,141.82,151.24,139.68,145.72
20.67,148.9,142.59,151.25,139.82,120.65
19.92,149.81,141.05,151.26,138.87,120.18
21.75,148.91,139.86,151.2,138.89,120.12
146.28,148.82,143.07,151.24,138.88,145.66
144,150.71,140.09,151.27,140.64,145.34
142.24,148.99,141.04,151.25,139.86,144.68
144.32,150.69,140.98,151.26,139.75,145.4
144.27,149.74,139.75,151.28,138.88,144.78
143.41,148.39,141.22,151.26,138.77,144.61
145.82,150.69,140.95,151.18,138.95,145.52
21.43,148.02,140.8,151.24,138.87,120.07
144.74,148.88,141.16,151.25,138.77,144.96
20.59,149.78,140.05,151.26,138.91,120.12
145.85,150.71,141.01,151.19,139.84,145.72
145.86,147.84,140.12,151.25,139.87,144.99
145.09,150.7,141.21,151.23,138.91,145.43
145.81,150.71,141.1,151.18,139.87,145.73
143.86,150.7,139.29,151.25,138.92,144.8
145.16,149.82,142.94,151.23,138.91,145.61
144.89,149.75,142.56,151.26,140.05,145.7
145.25,150.7,140.98,151.27,138.86,145.41
145.27,149.79,140.28,151.2,139.7,145.25
145.19,147.99,140.92,151.25,141,145.27
147.07,149.78,141.88,151.24,139.78,145.95
146.31,149.81,139.27,151.24,139.82,145.29
147.06,150.66,142.99,151.17,138.94,146.16
147.06,147.87,141.91,151.24,139.7,145.56
144.88,148.03,139.3,151.25,139.92,144.68
144.55,149.02,143.85,151.26,141.06,145.95
145.86,150.72,141.8,151.18,139.79,145.87
147.03,148.94,141.4,151.22,139.88,145.69
145.42,150.7,140.78,151.24,139.82,145.59
146.15,150.72,140.79,151.23,138.86,145.55
143.68,149.83,142.87,151.25,139.94,145.51
21.04,150.01,143.92,151.27,139.9,121.23
145.69,149.84,142.87,151.24,139.94,145.92
145.72,150.73,141.96,151.26,139.86,145.91
148,149.84,143.33,151.18,138.86,146.24
145.79,149.85,145.6,151.25,139.97,146.49
147.87,149.86,139.74,151.23,139.88,145.72
145.96,149.85,138.99,151.19,139.96,145.19
147.52,149.82,142.77,151.21,140.73,146.41
144.3,150.6,139.69,151.25,140.88,145.34
145.71,148.92,140.2,151.28,140.88,145.4
147.31,150.72,140.38,151.26,140.88,146.11
144.99,149.83,140.32,151.2,140.88,145.44
141.81,149.78,140.49,151.24,139.87,144.64
146.79,149.7,140.8,151.25,139.79,145.67
143.45,150.68,141.45,151.25,139.86,145.34
146.83,149.78,140.86,151.25,139.86,145.72
143.45,148.06,142.75,151.24,140.78,145.26
146.76,148.02,144.67,151.24,140.78,146.29
145.7,148.04,144.49,151.18,139.83,145.85
144.97,148.03,141.13,151.2,138.92,144.85
145.02,150.06,142.64,151.25,138.91,145.58
145.05,150.07,141.78,151.26,139.85,145.6
145.57,150.72,139.6,151.23,140.75,145.57
145.62,148.94,140.76,151.19,138.94,145.09
145.08,149.83,143.39,151.27,140.75,146.06
144.79,150.73,145.99,151.25,138.91,146.33
145.64,147.02,144.34,151.24,138.91,145.43
142.39,149.87,139.72,151.26,139.87,144.62
148,149.8,139.91,151.25,139.87,145.77
144.45,150.72,139.88,151.23,138.86,145.03
144.21,149.84,140.76,151.18,139.9,145.18
140.35,150.73,145.17,151.17,138.82,145.25
142.88,148.94,22.79,151.2,139.82,121.13
142.99,150.74,140.81,151.28,139.79,145.12
143.66,149.67,140.8,151.26,139.79,145.04
142.91,149.04,138.89,151.25,139.82,144.38
143.54,150.02,143.27,151.28,139.82,145.59
140.54,150.74,140.52,151.25,138.87,144.38
147.92,150.75,147.42,151.25,139.84,147.44
143.72,147.02,143.54,151.2,137.8,144.66
141.77,149.94,21.84,151.24,139.74,120.91
143.31,149.95,141.2,151.25,139.86,145.11
145.75,149.92,22.89,151.18,138.83,121.71
146.58,148.96,142.35,151.19,139.83,145.78
138.26,149.79,139.82,151.27,138.94,143.62
144.93,149.87,22.31,151.26,139.83,121.64
145.27,150.74,21.82,151.25,139.83,121.78
146.39,150.74,140.1,151.26,140.75,145.85
144.5,149.84,140.31,151.24,138.61,144.9
141.63,150.02,145.22,151.24,139.91,145.6
143.99,150.72,141.59,151.24,139.82,145.47
143.99,149.8,141.72,151.22,139.74,145.29
144.96,149.8,140.74,151.26,139.73,145.3
146.86,149.01,141.98,151.23,140.79,145.97
145.05,150.06,140.57,151.27,140.79,145.55
144.13,150.04,141.98,151.2,139.83,145.44
143.89,150.73,140.95,151.23,138.92,145.14
145.76,149.87,141.71,151.25,138.93,145.5
145.87,149.97,142.15,151.27,140.75,146
146.04,149.84,143.19,151.18,139.84,146.02
143.02,150.73,140.66,151.26,139.83,145.1
146.3,149.84,140.57,151.24,141.08,145.81
144.07,150.75,145.72,151.25,137.78,145.91
144.98,150.02,141.31,151.25,138.87,145.29
145.54,150.76,146.77,151.26,139.86,146.84
146.32,150.77,144.14,151.25,140.81,146.66
145.89,150.75,143.87,151.17,140.82,146.5
146.14,150.75,142.06,151.22,139.92,146.02
146.12,150.02,143.99,151.26,140.97,146.47
146.75,149.87,141.82,151.27,141.08,146.16
145.63,149.85,148.86,151.22,138.82,146.88
146.48,150.75,144.84,151.22,140.79,146.82
144.73,149.87,144.53,151.24,140.82,146.24
150.75,149.83,139.4,151.25,140.72,146.39
144.11,149.87,142.85,151.24,139.83,145.58
143.96,149.81,144.52,151.25,139.85,145.88
143.88,148.94,144.04,151.25,139.79,145.58
145.62,149.84,142.19,151.24,140.89,145.96
144.12,149.07,143.61,151.27,139.86,145.59
143.81,150.75,143.06,151.18,140.75,145.91
144.88,149.76,142.73,151.25,140.75,145.87
149.83,150.75,141.25,151.28,139.86,146.59
145.9,149.79,145.1,151.26,139.86,146.38
145.8,149.79,143.65,151.22,140.75,146.24
149.83,148.91,141.16,151.28,140.75,146.39
146,150.7,142.2,151.25,139.84,146
145.4,149.83,140.82,151.24,138.84,145.23
145.71,148.98,149.4,151.2,139.82,147.02
145.39,149.94,145.93,151.25,139.8,146.46
142.31,150.71,144.82,151.23,140.75,145.96
145.67,149.87,141.38,151.17,139.86,145.59
142.64,148.86,140.23,151.26,139.86,144.57
144.81,150.76,146.94,151.22,141.9,147.13
140.27,150.07,143.22,151.27,141.72,145.31
140.19,148.84,145.13,151.25,140.79,145.24
143.84,149.83,141.98,151.26,139.88,145.36
144.01,150.75,141.96,151.26,140.75,145.75
140.98,149.06,141.93,151.23,141.02,144.84
143.4,150.71,141.03,151.26,140,145.28
143.4,149.86,140.84,151.2,140.77,145.21
146.25,150.75,141.91,151.24,139.75,145.98
145.61,150.75,139.67,151.23,140.75,145.6
144.4,149.01,141.35,151.27,138.71,144.95
144.67,149.85,141.15,151.17,140.91,145.55
145.01,148.93,140.15,151.22,140.85,145.23
143.86,149.99,141.04,151.25,140.04,145.24
145.47,150.75,140.98,151.21,140.9,145.86
147.3,149.77,141.56,151.2,140.14,145.99
145.29,150.73,140.71,151.27,140.82,145.76
144.18,149.83,138.97,151.24,141.01,145.05
145.38,148.87,141.68,151.25,141.04,145.64
145,149.82,143.95,151.22,141.96,146.39
147.05,149.87,144.09,151.24,141.98,146.85
144.66,149.01,141.83,151.25,140.99,145.55
142.23,149.01,143.16,151.19,140.86,145.29
143.41,150.75,142.61,151.25,139.83,145.57
144.87,148.02,141.79,151.2,139.94,145.16
147.36,149.83,141.04,151.27,141.92,146.28
145.55,149.01,138.75,151.26,140.98,145.11
149.01,149.01,141.55,151.17,141.84,146.52
145.22,149.85,139.49,151.25,141.01,145.36
147.6,149.96,143.6,151.25,141.9,146.86
146.34,150.75,141.45,151.25,140.92,146.14
147.6,149.01,138.52,151.27,140.92,145.46
145.44,150.75,141.87,151.24,141.04,146.07
145.6,149.85,142.91,151.24,139.78,145.88
147,148.89,142.51,151.25,139.96,145.92
146.58,149.83,141.57,151.23,140.06,145.85
145.48,149.99,141.44,151.23,141.06,145.84
148.35,148.96,141.54,151.26,139.93,146.01
146.57,148.92,143.36,151.25,141.06,146.23
147.22,149.84,140.43,151.27,140.09,145.77
147.8,149.79,140.53,151.26,140,145.88
147.2,149.83,141.81,151.23,140.11,146.04
145.82,149.86,142.63,151.25,139.11,145.73
143.34,150.72,139.65,151.19,140.06,144.99
147.28,148.04,141.5,151.24,139.87,145.59
144.38,149.77,141.49,151.25,139.87,145.35
145.6,149.83,141.5,151.24,139.82,145.6
149.9,149.87,142.52,151.23,140.89,146.88
144.06,149.98,142.7,151.23,140.92,145.78
148.5,150.03,141.77,151.26,141.96,146.7
145.18,149.83,142.92,151.23,139.11,145.65
143.64,149.06,141.69,151.27,140.04,145.14
145.29,149.81,143.88,151.27,140.82,146.21
145.23,150.67,141.7,151.23,142.01,146.17
148.48,148.83,145.19,151.26,140.05,146.76
149.23,149.86,145.1,151.17,141.14,147.3
148.33,148.91,145.88,151.26,140.02,146.88
142.6,150.03,143.83,151.24,139.84,145.51
145.33,149.87,141.76,151.18,141.02,145.83
145.21,150.75,144.81,151.23,141.89,146.78
147.42,150.75,145.01,151.25,141.05,147.1
147.42,149.93,149.83,151.26,140.75,147.84
145.68,149.83,145.12,151.27,141.74,146.73
142.42,150.01,146.39,151.22,141.96,146.4
146.35,149.03,141.53,151.26,140.99,145.83
147.21,148.9,144.73,151.23,140.83,146.58
143.96,150.05,150.05,151.25,140.83,147.23
145.73,149.81,146.52,151.25,141.75,147.01
145.14,148.95,149.84,151.24,140.87,147.21
146.88,149.82,145.47,151.24,139.88,146.66
144.47,149.65,142.23,151.27,140.64,145.65
146.54,149.83,145.45,151.26,141.62,146.94
148.1,150.74,143.28,151.25,139.87,146.65
145.51,149.84,143.48,151.25,139.96,146.01
147.37,149.8,144.3,151.22,139.86,146.51
145.22,150.73,142.21,151.27,140.78,146.04
143.44,149.85,142.14,151.25,141.04,145.54
144.11,150.75,144.61,151.24,139.97,146.14
143.72,149.83,146.25,151.25,140.25,146.26
144.73,149.8,146.45,151.17,140.9,146.61
146.46,150.74,146.36,151.26,140.73,147.11
144.61,150.05,146.49,151.23,139.8,146.44
142.47,150.74,146.36,151.19,139.83,146.12
144.7,149.42,146.43,151.25,140.72,146.5
143.58,149.77,146.56,151.2,140.73,146.37
144.39,149.51,145.87,151.27,139.93,146.19
144.52,148.96,141.95,151.22,141.74,145.68
146.3,148.96,144.93,151.17,141.04,146.48
140.33,149.85,143.07,151.28,142.02,145.31
144.35,148.94,139.61,151.23,141.02,145.03
147.35,148.84,142.53,151.26,137.35,145.47
144.6,149.81,140.19,151.26,140.96,145.36
147.19,150.74,142.04,151.24,140.96,146.43
147.3,149.85,141.52,151.24,138.64,145.71
148.05,149.8,142.61,151.2,139.68,146.27
147.13,149.82,142.56,151.21,139.88,146.12
145.41,150.75,142.04,151.22,138.92,145.67
144.75,149.8,143.71,151.27,140.07,145.92
143.49,150.73,143.7,151.22,141.05,146.04
141.66,148.43,142.63,151.25,141,144.99
144.43,148.9,142.9,151.26,140.81,145.66
145.69,149.83,142.61,151.24,139.93,145.86
148.9,150.67,143.52,151.25,140.99,147.07
145.69,150.74,143.79,151.18,140.01,146.28
143.63,149.72,140.77,151.25,141.91,145.46
144.61,149.03,142.6,151.25,140.14,145.53
144.31,149.85,147.2,151.17,141.12,146.73
144.55,149.96,145.39,151.22,140.93,146.41
142.77,150.75,143.81,151.22,141.99,146.11
144.48,149.78,146.09,151.26,139.92,146.31
145.32,148.98,145.32,151.23,138.81,145.93
145.42,150.75,143.02,151.25,140.12,146.11
148.18,150.75,144.31,151.24,141.07,147.11
144.43,149.85,143.57,151.24,138.48,145.51
145.42,148.77,147.25,151.24,139.74,146.48
148.1,150.74,144.35,151.19,139.79,146.83
146.28,149.93,143.42,151.26,141.05,146.39
146.99,148.99,141.68,151.24,139.75,145.73
147.09,148.89,141.71,151.27,140.88,145.97
147.7,148.94,144.02,151.18,140.88,146.54
144.6,149.01,142.92,151.25,140.04,145.56
144.42,148.94,143.77,151.26,139.95,145.67
147.29,149.82,143.67,151.22,141.96,146.79
144.34,150.69,143.72,151.22,139.94,145.98
141.57,150,143.99,151.26,140.14,145.39
143.43,149,144.13,151.24,139.84,145.53
146.39,148.95,144.02,151.25,140.07,146.14
142.12,150.69,144,151.27,140.09,145.63
147.22,150.75,144,151.24,141.01,146.84
146.1,149.86,143.75,151.23,139.78,146.14
146.31,149.83,143.92,151.26,139.96,146.26
145.3,149.81,143.85,151.2,140.1,146.05
142.5,148.95,144.65,151.22,139.81,145.43
145.44,150.74,141.36,151.26,140.73,145.91
143.42,149.85,142.78,151.2,138.89,145.23
141.77,148.94,143.63,151.25,139.96,145.11
143.36,149.72,142.78,151.26,139.93,145.41
145.52,148.98,146.06,151.25,140.05,146.37
146.49,149.85,143.41,151.25,138.95,145.99
145.49,150.73,142.01,151.17,139.69,145.82
146.36,150.74,141.96,151.25,140.97,146.26
147.01,150.76,143.83,151.23,138.94,146.35
146.34,149.87,143.92,151.25,139.93,146.26
147.37,149.82,143.06,151.21,139.75,146.24
146.06,150.02,142.77,151.2,140.9,146.19
144.6,149.85,144.6,151.28,140.94,146.25
149.85,148.99,149.85,151.27,141.01,148.19
141.66,150.74,142.84,151.27,141.78,145.66
146.17,148.97,142.81,151.26,139.83,145.81
141.78,148.99,143.85,151.24,140.82,145.34
146.7,149.79,142.7,151.24,139.61,146.01
148.13,149.85,142.96,151.19,142.01,146.83
147.84,149.82,142.85,151.24,139.68,146.29
147.21,148.89,142.85,151.25,140.9,146.22
148.31,149.79,142.77,151.18,141.06,146.62
147.19,150.71,141.7,151.22,139.97,146.16
146.03,149.91,142.95,151.23,140.85,146.19
145.03,150.76,141.82,151.26,139.84,145.74
148.14,150.7,141.78,151.23,139.93,146.36
141.6,149.78,142.93,151.18,141.02,145.3
141.84,150.75,143.05,151.25,139.52,145.28
145.97,149.05,142.66,151.23,138.87,145.56
147,149.85,142.95,151.26,141.95,146.6
145.61,149.85,142.17,151.25,140,145.78
146.81,150.74,142.93,151.25,140.96,146.54
145.04,148.94,142.84,151.25,140.94,145.8
143.4,149.83,142.8,151.27,141.02,145.66
145.19,150.7,142.85,151.19,140.09,146
146.18,149.85,142.9,151.22,138.78,145.79
145.97,150.59,142.76,151.26,141.93,146.5
141.09,150.03,143.02,151.2,139.85,145.04
145.65,148.97,142.06,151.26,138.88,145.36
149.39,150.02,142.93,151.26,140.91,146.9
142.82,150.75,142.9,151.23,139.84,145.51
146.18,148.84,143.04,151.26,140.98,146.06
142.37,149.83,142.87,151.21,139.85,145.23
145.46,150.75,142.98,151.24,140.97,146.28
141.74,148.98,143.83,151.24,139.91,145.14
143.6,150.75,142.74,151.21,139.76,145.61
144.63,150.76,142.94,151.2,138.66,145.64
143.73,148.87,142.83,151.23,139.83,145.3
144.4,149.83,142.93,151.26,141.99,146.08
145.09,148.98,142.85,151.25,140.81,145.8
144.54,148.88,143.83,151.26,142.02,146.11
146.32,149.07,142.78,151.25,140.93,146.07
146.97,149.91,144.01,151.24,140.97,146.62
145.77,149.87,142.84,151.24,139.89,145.92
145.21,150.74,142.79,151.27,139.88,145.98
147,148.95,142.64,151.26,140.97,146.16
146.33,148.84,142.77,151.24,139.92,145.82
147.17,148.92,142.8,151.24,139.89,146
147.03,149.83,142.69,151.17,139.88,146.12
142.46,148.94,142.17,151.2,140.89,145.13
144.37,150.75,142.68,151.28,140.89,145.99
144.45,148.83,142.79,151.26,139.91,145.45
147.17,149.81,142.77,151.17,139.74,146.13
145.89,149.96,142.77,151.26,139.9,145.96
144.56,149.01,142.76,151.23,140.47,145.61
144.86,150.71,142.79,151.25,140.95,146.11
144.5,148.84,142.18,151.2,139.69,145.28
144.68,150.74,142.79,151.26,139.81,145.86
144.73,150.75,141.79,151.24,138.87,145.48
145.57,150.71,142.77,151.25,139.9,146.04
144.95,149.79,142.8,151.23,141.04,145.96
141.54,150.75,142.69,151.27,139.86,145.22
142.3,149.83,142.89,151.25,140.76,145.41
143.53,148.89,142.68,151.27,140.87,145.45
144.68,149.83,141.79,151.26,140.95,145.7
144.59,148.97,142.77,151.26,140.9,145.7
144.46,150.03,142.78,151.23,141.82,146.06
144.54,150.02,142.79,151.26,141.99,146.12
142.77,149.03,142.9,151.21,139.44,145.07
142.68,150.73,142.79,151.24,140.82,145.65
145.3,148.93,142.74,151.24,138.8,145.4
143.99,150.69,142.77,151.27,141.03,145.95
142.77,150.75,142.08,151.19,139.77,145.31
146.25,149.85,142.69,151.26,139.68,145.95
145.36,149.85,142.18,151.27,139.75,145.68
146.09,150.03,142.68,151.21,140.92,146.19
147.01,148.94,142.74,151.26,138.83,145.76
146.21,149.8,142.77,151.27,139.97,146
145.83,150.75,142.79,151.23,139.76,146.07
145.45,150.05,142.79,151.24,140.06,145.92
146.7,150.73,142.9,151.23,139.64,146.24
147.18,150.76,142.79,151.24,139.59,146.31
148.27,150.65,141.79,151.24,141.93,146.78
150.76,149.06,142.77,151.19,140.87,146.93
145.56,149.86,142.8,151.2,138.8,145.64
147.36,150.74,142.69,151.26,140.9,146.59
145.23,150.77,142.89,151.28,140.88,146.21
145.39,150.71,142.68,151.25,140.88,146.18
146.18,150.73,141.7,151.25,141.93,146.36
144.95,150.02,142.77,151.28,142.06,146.22
149.85,148.94,142.87,151.23,140.02,146.58
148.42,150.76,142.79,151.25,140.88,146.82
147.84,150.73,142.18,151.17,141.07,146.6
145.47,150.03,142.79,151.24,139.64,145.83
146.05,149.85,142.88,151.25,141.9,146.39
146.04,149.84,143.92,151.18,141.93,146.58
145.9,149.81,142.08,151.19,140.83,145.96
147.14,150.73,143.84,151.21,140.66,146.72
148.94,150.72,143.91,151.26,140.5,147.07
146.37,149.85,143.82,151.2,140.89,146.43
149.85,150.7,143.89,151.26,139.78,147.1
142.56,150.01,143.92,151.27,139.6,145.47
142.76,148.87,142.77,151.25,138.75,144.88
146.75,149.85,142.57,151.24,140.58,146.2
148.87,149,148.87,151.26,140.91,147.78
142.26,150.75,142.89,151.24,139.91,145.41
149.25,148.94,141.93,151.24,139.45,146.16
145.84,150.75,142.65,151.17,139.15,145.91
147.6,149.8,141.8,151.19,139.65,146.01
142.79,149.86,142.94,151.26,138.75,145.12
146.22,149.83,141.79,151.27,141.51,146.12
148.87,150.74,142.83,151.22,139.48,146.63
147.31,148.91,141.54,151.25,141.62,146.13
149.81,149.82,142.9,151.27,140.77,146.91
144.71,149.93,141.87,151.25,140.67,145.69
147.22,148.89,142.63,151.24,140.77,146.15
145.33,149.83,141.18,151.26,140.39,145.6
147.16,148.78,142.94,151.25,138.12,145.65
147.53,149.87,141.16,151.23,137.87,145.53
145.67,150.73,142.92,151.18,140.85,146.27
144.71,150.75,142.76,151.21,141.62,146.21
143.46,150.05,142.83,151.22,142.73,146.06
147.47,150.74,141.9,151.26,141.02,146.48
147.09,148.97,142.82,151.23,139.84,145.99
145.52,149.82,141.79,151.25,143.46,146.37
143.41,149.97,142.65,151.26,140.71,145.6
146.36,150.05,141.88,151.24,141.51,146.21
145.54,149.78,142.94,151.25,138.45,145.59
142.91,149.87,142.91,151.18,142.56,145.89
146.64,150.75,142.63,151.24,142.24,146.7
146.47,150.7,141.67,151.25,139.94,146.01
145.48,149.96,142.61,151.25,141.82,146.22
145.57,150.71,141.8,151.19,141.89,146.23
143.63,149.86,142.79,151.22,140.07,145.51
145.54,150.75,141.89,151.26,141.9,146.27
141.8,149.01,142.83,151.2,141.89,145.35
148.97,149.82,141.94,151.27,141.9,146.78
142.82,149.06,142.87,151.26,141.88,145.58
149.85,149.85,141.78,151.23,141.88,146.92
148.2,150.77,142.93,151.24,141.88,147
145.68,149.01,141.9,151.26,140.07,145.58
148.35,150.06,142.93,151.26,141.87,146.89
148.35,149.83,141.88,151.25,141.89,146.64
147.45,148.94,142.65,151.21,140.07,146.06
146.62,149.8,141.08,151.27,141.9,146.13
148.53,150.74,142.84,151.24,141.89,147.05
146.34,148.98,141.9,151.24,142.68,146.23
147.53,149.77,142.83,151.23,141.87,146.65
145.51,150.03,142.58,151.17,142.64,146.39
146.42,149.98,142.9,151.26,141.87,146.49
148.55,148.96,142.49,151.24,140.06,146.26
144.35,149.85,142.89,151.24,141.78,146.02
142.58,150.74,141.62,151.26,141.88,145.62
145.51,150.05,142.94,151.25,140,145.95
146.45,149.82,141.94,151.25,142.66,146.42
148.25,149.85,142.87,151.19,141.83,146.8
148.22,148.98,141.8,151.18,141.61,146.36
146.98,149.81,142.83,151.2,141.88,146.54
146.34,148.9,141.89,151.27,140.68,145.82
147.99,150.02,142.82,151.27,141.89,146.8
149.19,150.75,141.67,151.2,139.94,146.55
145.77,149.83,142.92,151.25,141.75,146.3
145.4,149.83,141.78,151.24,141.74,146
146.49,148.94,142.94,151.25,141.75,146.27
141.8,150.74,141.62,151.19,139.94,145.06
146.59,150.75,142.63,151.25,141.77,146.6
148.35,149.03,141.88,151.23,141.87,146.47
148.19,150.02,142.65,151.27,141.88,146.8
148.09,149.83,141.8,151.27,141.84,146.57
147.43,149.85,142.53,151.27,141.84,146.58
145.48,149.87,141.9,151.25,141.84,146.07
146.35,150.03,142.78,151.25,142.67,146.62
147.54,149.83,142.89,151.17,142.24,146.73
149.25,150.75,142.92,151.25,139.28,146.69
144.56,150.03,142.75,151.25,142.85,146.29
147.31,150.69,142.93,151.24,141.81,146.8
149.83,149.07,141.62,151.27,143.19,147
149.83,149.87,142.93,151.24,140.9,146.95
146.03,148.98,141.67,151.24,143.77,146.34
148.22,149.78,142.92,151.17,141.9,146.8
145.8,150.71,141.8,151.25,140.76,146.06
142.91,150.74,142.94,151.22,139.56,145.47
148.16,150.03,141.79,151.25,140.04,146.25
148.22,150.75,142.52,151.26,141.14,146.78
148.31,149.85,141.67,151.22,140.03,146.22
148.25,150.75,142.61,151.28,144.2,147.42
146.15,150.75,141.78,151.24,140.17,146.02
148.99,150.76,142.89,151.26,145.18,147.82
147.27,149.83,141.62,151.27,141.14,146.23
148.41,150.05,142.94,151.25,142.27,146.98
146.1,149.85,142.89,151.23,141.13,146.24
148.26,150.74,142.54,151.26,140.98,146.76
145.19,149.85,141.52,151.2,141.62,145.88
146.57,149.01,142.83,151.25,143.54,146.64
149.31,150.69,142.9,151.25,144.41,147.71
147.48,149,142.56,151.26,143.74,146.81
148.36,148.89,141.88,151.27,141.7,146.42
147.55,149.06,142.92,151.24,141.78,146.51
148.41,149.83,141.79,151.25,141.18,146.49
147.88,149.76,142.94,151.24,141.22,146.61
146.96,150.71,141.9,151.2,142.64,146.68
146.98,148.97,142.63,151.26,142.86,146.54
146.56,149.88,141.92,151.23,141.65,146.25
145.52,149.78,142.61,151.25,149.83,147.8
145.3,149.84,141.8,151.18,142.16,146.06
145.28,148.97,142.89,151.25,142.73,146.22
141.8,150.75,141.79,151.27,149.83,147.09
145.05,149.83,142.83,151.25,143.89,146.57
146.92,149.83,141.94,151.2,142.13,146.4
145.49,148.98,142.78,151.26,144.33,146.57
144.05,149.81,141.87,151.24,145.24,146.44
146.06,150.74,142.93,151.26,143.89,146.98
146.07,150.75,141.9,151.26,141.5,146.3
145.29,149.82,142.93,151.25,143.57,146.57
144.27,149.87,141.88,151.24,142.79,146.01
146.06,149.84,142.65,151.17,143.31,146.61
146.06,149.83,141.52,151.26,141.56,146.05
146.98,149.03,142.94,151.24,142.81,146.6
145.77,149.85,141.8,151.24,143.23,146.38
146.52,149.81,142.83,151.25,144.43,146.97
145.48,150.67,142.58,151.2,143.87,146.76
147.05,150.77,142.9,151.24,143.88,147.17
145.16,150.72,142.49,151.24,143.73,146.67
148.11,149.83,142.89,151.25,142.89,146.99
148.17,149.01,141.62,151.17,143.1,146.61
148.09,149.83,142.94,151.24,142.41,146.9
145.31,150.76,141.94,151.25,143.44,146.54
146.45,148.9,142.87,151.2,144.07,146.7
147.4,149.84,141.8,151.18,143.92,146.83
145.4,149.75,142.83,151.23,144.02,146.65
146.73,150.73,141.89,151.25,143.98,146.92
145.2,150,142.82,151.23,141.24,146.1
147.36,149.82,141.67,151.26,143.28,146.68
147.42,149.78,142.83,151.25,144.27,147.11
147.39,150.67,141.87,151.25,143.91,147.02
146.35,148.88,142.94,151.25,141.72,146.23
147.39,148.96,141.62,151.25,143.01,146.45
146.69,150.75,142.63,151.24,138.84,146.03
147.37,149.83,141.88,151.23,145.43,147.15
147.13,148.94,142.9,151.17,144.93,147.01
147.36,150.75,141.69,151.2,142.51,146.7
147.21,149.81,142.63,151.22,141.46,146.47
147.21,149.83,142.76,151.26,145.49,147.31
147.29,148.98,142.83,151.23,141.79,146.42
147.15,148.94,141.88,151.17,145.21,146.87
146.51,149.72,142.83,151.24,144.85,147.03
144.77,149.04,141.6,151.24,143.35,146
147.35,149.81,142.89,151.24,143.32,146.92
146.51,148.89,142.9,151.24,143.69,146.65
147.53,149.67,142.93,151.24,143.65,147
148.55,150.75,141.67,151.23,142.61,146.96
146.53,149.87,142.92,151.25,143.62,146.84
148.59,150.75,141.8,151.17,140.53,146.57
147.47,149.84,142.84,151.25,145.48,147.38
146.38,148.9,141.89,151.25,142.81,146.25
144.88,148.99,142.52,151.21,144.31,146.38
143.85,149.65,141.92,151.27,141.65,145.67
146.52,149.83,142.52,151.25,142.67,146.56
146.52,148.84,141.87,151.24,142.67,146.23
146.37,149.07,142.89,151.25,142.92,146.5
146.44,149.86,141.62,151.19,141.8,146.18
146.29,149.84,142.94,151.26,144.53,146.97
145.55,150.07,142.89,151.24,145.18,146.99
146.51,149.87,142.87,151.24,141,146.3
146.51,149.75,141.07,151.2,144.93,146.69
147.58,150.76,142.83,151.23,141.01,146.68
146.44,149.97,141.9,151.26,141.77,146.27
148.57,149.86,142.82,151.26,143.24,147.15
146.49,150.74,141.88,151.17,141.56,146.37
148.41,150.72,142.65,151.25,141.76,146.96
146.57,148.94,142.8,151.24,143.98,146.71
146.56,148.97,142.94,151.26,143.46,146.64
145.6,150.01,141.9,151.27,140.85,145.93
146.62,150.75,142.63,151.24,141.14,146.48
146.55,148.97,141.92,151.25,139.99,145.74
146.19,149.83,142.61,151.22,144.77,146.92
144.87,150.05,141.8,151.25,141.85,145.96
145.75,148.94,142.89,151.22,142.73,146.31
145.74,150.74,141.79,151.25,143.45,146.59
149.29,148.98,142.83,151.25,142.07,146.88
148.51,149.82,141.94,151.19,140.82,146.46
148.24,149.01,142.87,151.24,141.07,146.49
148.08,150.76,141.78,151.25,141.9,146.75
148.24,148.87,142.93,151.24,145.32,147.32
150.01,148.94,142.9,151.18,141.99,147
148.35,150.7,142.67,151.25,143.49,147.29
148.16,150.76,142.6,151.24,140.34,146.62
148.19,148.97,142.92,151.27,140.75,146.42
148.28,148.94,141.8,151.21,145.67,147.18
148.25,148.76,142.84,151.22,140.8,146.37
149.33,150.02,142.91,151.25,141.06,146.91
148.25,148.94,142.83,151.23,140.74,146.4
146.34,150.73,141.88,151.17,140.47,146.12
146.19,150.74,142.83,151.26,142,146.6
146.27,150,141.88,151.23,140.47,145.97
149.43,148.96,142.94,151.26,139.52,146.42
147.11,149.79,142.62,151.27,142.9,146.74
148.68,149.83,142.94,151.24,144.64,147.47
148.53,149.83,141.94,151.25,140.6,146.43
148.57,149.83,142.92,151.25,145.44,147.6
148.49,149.83,141.8,151.26,145.93,147.46
147.3,150.03,142.84,151.2,141.97,146.67
148.67,149.89,141.89,151.25,145.7,147.48
148.52,150.74,142.83,151.23,143.07,147.28
148.42,150.75,141.85,151.27,141.01,146.66
149.41,148.98,142.92,151.24,143.59,147.23
146.41,150.76,141.88,151.24,146.22,147.3
146.15,149.83,142.94,151.24,140.98,146.23
149.43,149.78,142.94,151.17,144.27,147.52
147.35,150.75,142.94,151.26,141.03,146.67
146.33,149.86,142.92,151.25,143.85,146.84
147.5,150.05,142.92,151.19,139.04,146.14
147.54,149.83,142.84,151.19,138.92,146.06
148.37,148.83,142.84,151.25,139.97,146.25
147.3,149.8,142.94,151.26,139.66,146.19
147.1,149.85,149.86,151.27,142.92,148.2
147.37,150.71,142.05,151.22,139.74,146.22
149.44,150.73,142.81,151.25,143.11,147.47
146.46,150.74,142.9,151.23,139.12,146.09
144.68,148.84,144.68,151.25,139.13,145.72
149.25,149.85,143.9,151.18,141.45,147.13
146.51,150.75,142.91,151.25,143.76,147.04
146.44,149.85,142.63,151.23,144.04,146.84
146.36,150.72,146.46,151.25,142.08,147.37
144.34,150.75,141.6,151.2,140.14,145.61
146.51,149.82,142.82,151.25,140.15,146.11
147.28,148.98,142.87,151.27,142.09,146.5
146.51,149.74,142.59,151.21,141.61,146.33
144.64,149,143.88,151.19,143.38,146.42
146.53,149.83,142.72,151.28,143.87,146.85
146.45,148.94,141.72,151.24,142.89,146.25
145.66,150.75,141.81,151.25,144.78,146.85
148.64,150.75,139.86,151.27,141.84,146.47
146.16,148.93,141.93,151.25,144.9,146.63
145.68,150.75,145.74,151.25,141.83,147.05
145.72,149.84,148.64,151.18,141.66,147.41
145.67,149.81,142.08,151.26,142.98,146.36
145.71,149.85,140.3,151.23,141.5,145.72
145.56,149.01,143.77,151.26,140.99,146.12
145.74,150.74,150.05,151.25,140.8,147.72
145.83,149.81,142.9,151.19,143.83,146.71
145.73,148.85,143.95,151.26,141.95,146.35
145.82,150.04,142.81,151.25,144.15,146.81
145.75,149.67,142.86,151.26,142.9,146.49
145.68,149.83,142.92,151.18,145.88,147.1
145.76,150.71,143.95,151.25,143.64,147.06
145.67,150.72,143.01,151.23,141.36,146.4
145.7,150.76,143.86,151.17,140.64,146.43
145.67,149.83,142.61,151.19,146.22,147.1
146.53,149.84,143.9,151.23,141.21,146.54
146.53,149.84,140.68,151.26,143.02,146.27
147.37,150.75,142.02,151.23,142.07,146.69
145.79,148.89,140.67,151.27,147.03,146.73
143.92,149.76,140.61,151.27,147.05,146.52
145.8,150.67,142.51,151.24,147.03,147.45
145.57,150.7,141.76,151.26,146.16,147.09
146.46,149.82,142.86,151.26,147.05,147.49
146.46,148.94,143.93,151.24,147.08,147.53
146.09,149.78,143.89,151.23,148.03,147.8
148.05,150.63,142.83,151.2,147.12,147.97
146.58,149.73,142.94,151.26,146.22,147.35
146.65,149.51,143,151.22,148.11,147.7
146.42,150.67,145.73,151.28,146.2,148.06
146.65,149.78,142.62,151.21,146.21,147.29
146.63,150.64,142.91,151.17,147.06,147.68
146.4,150.65,142.94,151.25,147.05,147.66
146.68,150.67,142.82,151.24,147.05,147.69
146.67,148.89,142.95,151.25,146.16,147.18
146.55,149.87,142.78,151.22,147.05,147.49
147.79,149.79,142.93,151.26,146.69,147.69
